query_mode,retriever,query_id,gold_case_id,gold_rank,top1_case_id,top1_score,gold_score
dialogue,pgvector,casino-1003,casino-casino-1003,,casino-casino-476,0.589267,
dialogue,pgvector,casino-101,casino-casino-101,10,strategy-self-need,0.493498,0.351484
dialogue,pgvector,casino-106,casino-casino-106,,casino-casino-604,0.58213,
dialogue,pgvector,casino-115,casino-casino-115,,casino-casino-204,0.521928,
dialogue,pgvector,casino-133,casino-casino-133,,casino-casino-204,0.624114,
dialogue,pgvector,casino-153,casino-casino-153,,casino-casino-508,0.676453,
dialogue,pgvector,casino-179,casino-casino-179,,casino-casino-233,0.609521,
dialogue,pgvector,casino-192,casino-casino-192,,casino-casino-242,0.536177,
dialogue,pgvector,casino-195,casino-casino-195,,casino-casino-244,0.447758,
dialogue,pgvector,casino-221,casino-casino-221,,casino-casino-174,0.546721,
dialogue,pgvector,casino-246,casino-casino-246,1,casino-casino-246,0.486667,0.486667
dialogue,pgvector,casino-256,casino-casino-256,,casino-casino-206,0.423116,
dialogue,pgvector,casino-274,casino-casino-274,,casino-casino-8,0.536546,
dialogue,pgvector,casino-278,casino-casino-278,,casino-casino-190,0.564047,
dialogue,pgvector,casino-29,casino-casino-29,,casino-casino-604,0.590632,
dialogue,pgvector,casino-293,casino-casino-293,,casino-casino-190,0.570245,
dialogue,pgvector,casino-3,casino-casino-3,,casino-casino-247,0.399716,
dialogue,pgvector,casino-316,casino-casino-316,,casino-casino-233,0.569839,
dialogue,pgvector,casino-327,casino-casino-327,,casino-casino-204,0.554377,
dialogue,pgvector,casino-331,casino-casino-331,,casino-casino-476,0.633484,
dialogue,pgvector,casino-333,casino-casino-333,,casino-casino-233,0.605562,
dialogue,pgvector,casino-335,casino-casino-335,,casino-casino-604,0.554928,
dialogue,pgvector,casino-34,casino-casino-34,,casino-casino-204,0.597703,
dialogue,pgvector,casino-360,casino-casino-360,,casino-casino-190,0.596838,
dialogue,pgvector,casino-365,casino-casino-365,,casino-casino-604,0.572614,
dialogue,pgvector,casino-374,casino-casino-374,,casino-casino-204,0.555034,
dialogue,pgvector,casino-376,casino-casino-376,,casino-casino-604,0.591601,
dialogue,pgvector,casino-382,casino-casino-382,,casino-casino-62,0.555248,
dialogue,pgvector,casino-384,casino-casino-384,,casino-casino-75,0.504965,
dialogue,pgvector,casino-396,casino-casino-396,,casino-casino-604,0.493684,
dialogue,pgvector,casino-409,casino-casino-409,,casino-casino-48,0.616324,
dialogue,pgvector,casino-412,casino-casino-412,,casino-casino-77,0.448112,
dialogue,pgvector,casino-415,casino-casino-415,,casino-casino-604,0.619152,
dialogue,pgvector,casino-424,casino-casino-424,,casino-casino-204,0.524297,
dialogue,pgvector,casino-426,casino-casino-426,,casino-casino-204,0.554291,
dialogue,pgvector,casino-434,casino-casino-434,,casino-casino-190,0.58164,
dialogue,pgvector,casino-440,casino-casino-440,,casino-casino-8,0.512759,
dialogue,pgvector,casino-447,casino-casino-447,,casino-casino-233,0.378914,
dialogue,pgvector,casino-454,casino-casino-454,,casino-casino-190,0.577783,
dialogue,pgvector,casino-468,casino-casino-468,,casino-casino-204,0.553545,
dialogue,pgvector,casino-469,casino-casino-469,,casino-casino-247,0.575567,
dialogue,pgvector,casino-473,casino-casino-473,,casino-casino-604,0.61366,
dialogue,pgvector,casino-49,casino-casino-49,,casino-casino-204,0.536303,
dialogue,pgvector,casino-50,casino-casino-50,,casino-casino-233,0.595519,
dialogue,pgvector,casino-501,casino-casino-501,,casino-casino-190,0.611084,
dialogue,pgvector,casino-51,casino-casino-51,,casino-casino-604,0.629372,
dialogue,pgvector,casino-513,casino-casino-513,,casino-casino-190,0.578709,
dialogue,pgvector,casino-519,casino-casino-519,,casino-casino-204,0.612931,
dialogue,pgvector,casino-52,casino-casino-52,,casino-casino-204,0.577493,
dialogue,pgvector,casino-532,casino-casino-532,,casino-casino-204,0.617002,
dialogue,pgvector,casino-534,casino-casino-534,,casino-casino-174,0.450934,
dialogue,pgvector,casino-540,casino-casino-540,,casino-casino-52,0.522329,
dialogue,pgvector,casino-542,casino-casino-542,,casino-casino-604,0.57092,
dialogue,pgvector,casino-558,casino-casino-558,,casino-casino-8,0.470774,
dialogue,pgvector,casino-574,casino-casino-574,,casino-casino-52,0.419775,
dialogue,pgvector,casino-58,casino-casino-58,,casino-casino-204,0.605793,
dialogue,pgvector,casino-589,casino-casino-589,,casino-casino-77,0.466041,
dialogue,pgvector,casino-6,casino-casino-6,,casino-casino-508,0.568833,
dialogue,pgvector,casino-602,casino-casino-602,,casino-casino-204,0.54842,
dialogue,pgvector,casino-603,casino-casino-603,,casino-casino-83,0.510984,
dialogue,pgvector,casino-61,casino-casino-61,,casino-casino-204,0.574937,
dialogue,pgvector,casino-616,casino-casino-616,,casino-casino-233,0.583143,
dialogue,pgvector,casino-619,casino-casino-619,,casino-casino-246,0.526735,
dialogue,pgvector,casino-638,casino-casino-638,,casino-casino-247,0.628588,
dialogue,pgvector,casino-639,casino-casino-639,,casino-casino-77,0.557655,
dialogue,pgvector,casino-644,casino-casino-644,,casino-casino-604,0.603474,
dialogue,pgvector,casino-647,casino-casino-647,,casino-casino-204,0.55957,
dialogue,pgvector,casino-649,casino-casino-649,,casino-casino-476,0.564769,
dialogue,pgvector,casino-662,casino-casino-662,,casino-casino-288,0.607855,
dialogue,pgvector,casino-689,casino-casino-689,,casino-casino-83,0.485596,
dialogue,pgvector,casino-696,casino-casino-696,,casino-casino-204,0.553106,
dialogue,pgvector,casino-704,casino-casino-704,,casino-casino-204,0.578377,
dialogue,pgvector,casino-709,casino-casino-709,,casino-casino-166,0.564907,
dialogue,pgvector,casino-718,casino-casino-718,,casino-casino-174,0.512782,
dialogue,pgvector,casino-734,casino-casino-734,,casino-casino-204,0.539845,
dialogue,pgvector,casino-754,casino-casino-754,,casino-casino-233,0.612586,
dialogue,pgvector,casino-760,casino-casino-760,,casino-casino-300,0.581129,
dialogue,pgvector,casino-763,casino-casino-763,,casino-casino-8,0.498984,
dialogue,pgvector,casino-795,casino-casino-795,,casino-casino-205,0.329378,
dialogue,pgvector,casino-799,casino-casino-799,,casino-casino-204,0.593499,
dialogue,pgvector,casino-805,casino-casino-805,,casino-casino-205,0.555134,
dialogue,pgvector,casino-808,casino-casino-808,,casino-casino-476,0.536902,
dialogue,pgvector,casino-819,casino-casino-819,,casino-casino-77,0.51583,
dialogue,pgvector,casino-822,casino-casino-822,,casino-casino-8,0.559121,
dialogue,pgvector,casino-828,casino-casino-828,,casino-casino-62,0.584707,
dialogue,pgvector,casino-831,casino-casino-831,,casino-casino-8,0.551648,
dialogue,pgvector,casino-837,casino-casino-837,,casino-casino-204,0.622217,
dialogue,pgvector,casino-839,casino-casino-839,,casino-casino-336,0.486172,
dialogue,pgvector,casino-842,casino-casino-842,,casino-casino-190,0.574517,
dialogue,pgvector,casino-847,casino-casino-847,,casino-casino-83,0.528781,
dialogue,pgvector,casino-86,casino-casino-86,,casino-casino-77,0.535464,
dialogue,pgvector,casino-88,casino-casino-88,,casino-casino-77,0.411299,
dialogue,pgvector,casino-887,casino-casino-887,,casino-casino-476,0.557852,
dialogue,pgvector,casino-895,casino-casino-895,,casino-casino-204,0.526846,
dialogue,pgvector,casino-930,casino-casino-930,,casino-casino-83,0.469563,
dialogue,pgvector,casino-945,casino-casino-945,,casino-casino-204,0.420099,
dialogue,pgvector,casino-946,casino-casino-946,,casino-casino-562,0.443593,
dialogue,pgvector,casino-948,casino-casino-948,,casino-casino-476,0.610459,
dialogue,pgvector,casino-958,casino-casino-958,,casino-casino-604,0.650023,
dialogue,pgvector,casino-972,casino-casino-972,,casino-casino-204,0.546457,
dialogue,pgvector,casino-994,casino-casino-994,,casino-casino-204,0.623874,
dialogue,pgvector,casino-996,casino-casino-996,,casino-casino-77,0.548506,
dialogue,graph,casino-1003,casino-casino-1003,,,,
dialogue,graph,casino-101,casino-casino-101,,casino-casino-10,0.6,
dialogue,graph,casino-106,casino-casino-106,,casino-casino-0,0.6,
dialogue,graph,casino-115,casino-casino-115,,casino-casino-104,0.6,
dialogue,graph,casino-133,casino-casino-133,,casino-casino-0,0.6,
dialogue,graph,casino-153,casino-casino-153,,casino-casino-437,0.6,
dialogue,graph,casino-179,casino-casino-179,,casino-casino-415,0.6,
dialogue,graph,casino-192,casino-casino-192,,casino-casino-0,0.6,
dialogue,graph,casino-195,casino-casino-195,,casino-casino-1005,0.6,
dialogue,graph,casino-221,casino-casino-221,,casino-casino-536,0.6,
dialogue,graph,casino-246,casino-casino-246,,,,
dialogue,graph,casino-256,casino-casino-256,,,,
dialogue,graph,casino-274,casino-casino-274,,casino-casino-0,0.6,
dialogue,graph,casino-278,casino-casino-278,,casino-casino-81,0.6,
dialogue,graph,casino-29,casino-casino-29,,casino-casino-419,0.6,
dialogue,graph,casino-293,casino-casino-293,,casino-casino-142,0.6,
dialogue,graph,casino-3,casino-casino-3,,,,
dialogue,graph,casino-316,casino-casino-316,,casino-casino-0,0.6,
dialogue,graph,casino-327,casino-casino-327,,casino-casino-104,0.6,
dialogue,graph,casino-331,casino-casino-331,,casino-casino-0,0.6,
dialogue,graph,casino-333,casino-casino-333,,casino-casino-0,0.6,
dialogue,graph,casino-335,casino-casino-335,,casino-casino-0,0.6,
dialogue,graph,casino-34,casino-casino-34,,casino-casino-1005,0.6,
dialogue,graph,casino-360,casino-casino-360,,casino-casino-104,0.6,
dialogue,graph,casino-365,casino-casino-365,,casino-casino-415,0.6,
dialogue,graph,casino-374,casino-casino-374,,casino-casino-167,0.6,
dialogue,graph,casino-376,casino-casino-376,,casino-casino-437,0.6,
dialogue,graph,casino-382,casino-casino-382,,casino-casino-419,0.6,
dialogue,graph,casino-384,casino-casino-384,,casino-casino-1020,0.6,
dialogue,graph,casino-396,casino-casino-396,,casino-casino-142,0.6,
dialogue,graph,casino-409,casino-casino-409,,casino-casino-0,0.6,
dialogue,graph,casino-412,casino-casino-412,,casino-casino-1,0.6,
dialogue,graph,casino-415,casino-casino-415,,casino-casino-1005,0.6,
dialogue,graph,casino-424,casino-casino-424,,casino-casino-104,0.6,
dialogue,graph,casino-426,casino-casino-426,,casino-casino-0,0.6,
dialogue,graph,casino-434,casino-casino-434,,casino-casino-437,0.6,
dialogue,graph,casino-440,casino-casino-440,,casino-casino-94,0.6,
dialogue,graph,casino-447,casino-casino-447,,casino-casino-415,0.6,
dialogue,graph,casino-454,casino-casino-454,,casino-casino-0,0.6,
dialogue,graph,casino-468,casino-casino-468,,casino-casino-104,0.6,
dialogue,graph,casino-469,casino-casino-469,,casino-casino-0,0.6,
dialogue,graph,casino-473,casino-casino-473,,casino-casino-0,0.6,
dialogue,graph,casino-49,casino-casino-49,,casino-casino-0,0.6,
dialogue,graph,casino-50,casino-casino-50,,casino-casino-0,0.6,
dialogue,graph,casino-501,casino-casino-501,,casino-casino-167,0.6,
dialogue,graph,casino-51,casino-casino-51,,casino-casino-419,0.6,
dialogue,graph,casino-513,casino-casino-513,,casino-casino-142,0.6,
dialogue,graph,casino-519,casino-casino-519,,casino-casino-415,0.6,
dialogue,graph,casino-52,casino-casino-52,,casino-casino-0,0.6,
dialogue,graph,casino-532,casino-casino-532,,casino-casino-0,0.6,
dialogue,graph,casino-534,casino-casino-534,,casino-casino-0,0.6,
dialogue,graph,casino-540,casino-casino-540,,casino-casino-142,0.6,
dialogue,graph,casino-542,casino-casino-542,,casino-casino-41,0.6,
dialogue,graph,casino-558,casino-casino-558,,casino-casino-111,0.6,
dialogue,graph,casino-574,casino-casino-574,,casino-casino-0,0.6,
dialogue,graph,casino-58,casino-casino-58,,casino-casino-0,0.6,
dialogue,graph,casino-589,casino-casino-589,,casino-casino-0,0.6,
dialogue,graph,casino-6,casino-casino-6,,casino-casino-97,0.6,
dialogue,graph,casino-602,casino-casino-602,,casino-casino-437,0.6,
dialogue,graph,casino-603,casino-casino-603,,casino-casino-0,0.6,
dialogue,graph,casino-61,casino-casino-61,,casino-casino-0,0.6,
dialogue,graph,casino-616,casino-casino-616,,casino-casino-415,0.6,
dialogue,graph,casino-619,casino-casino-619,,casino-casino-142,0.6,
dialogue,graph,casino-638,casino-casino-638,,casino-casino-437,0.6,
dialogue,graph,casino-639,casino-casino-639,,casino-casino-0,0.6,
dialogue,graph,casino-644,casino-casino-644,,casino-casino-0,0.6,
dialogue,graph,casino-647,casino-casino-647,,casino-casino-1005,0.6,
dialogue,graph,casino-649,casino-casino-649,,casino-casino-0,0.6,
dialogue,graph,casino-662,casino-casino-662,,casino-casino-1005,0.6,
dialogue,graph,casino-689,casino-casino-689,,casino-casino-0,0.6,
dialogue,graph,casino-696,casino-casino-696,,casino-casino-0,0.6,
dialogue,graph,casino-704,casino-casino-704,,casino-casino-0,0.6,
dialogue,graph,casino-709,casino-casino-709,,casino-casino-94,0.6,
dialogue,graph,casino-718,casino-casino-718,,casino-casino-1011,0.6,
dialogue,graph,casino-734,casino-casino-734,,casino-casino-0,0.6,
dialogue,graph,casino-754,casino-casino-754,,casino-casino-0,0.6,
dialogue,graph,casino-760,casino-casino-760,,casino-casino-0,0.6,
dialogue,graph,casino-763,casino-casino-763,,casino-casino-0,0.6,
dialogue,graph,casino-795,casino-casino-795,,casino-casino-0,0.6,
dialogue,graph,casino-799,casino-casino-799,,casino-casino-104,0.6,
dialogue,graph,casino-805,casino-casino-805,,,,
dialogue,graph,casino-808,casino-casino-808,,casino-casino-1005,0.6,
dialogue,graph,casino-819,casino-casino-819,,casino-casino-0,0.6,
dialogue,graph,casino-822,casino-casino-822,,casino-casino-0,0.6,
dialogue,graph,casino-828,casino-casino-828,,casino-casino-1,0.6,
dialogue,graph,casino-831,casino-casino-831,,casino-casino-104,0.6,
dialogue,graph,casino-837,casino-casino-837,,casino-casino-126,0.6,
dialogue,graph,casino-839,casino-casino-839,,casino-casino-0,0.6,
dialogue,graph,casino-842,casino-casino-842,,casino-casino-0,0.6,
dialogue,graph,casino-847,casino-casino-847,,casino-casino-437,0.6,
dialogue,graph,casino-86,casino-casino-86,,casino-casino-0,0.6,
dialogue,graph,casino-88,casino-casino-88,,casino-casino-1,0.6,
dialogue,graph,casino-887,casino-casino-887,,casino-casino-0,0.6,
dialogue,graph,casino-895,casino-casino-895,,casino-casino-104,0.6,
dialogue,graph,casino-930,casino-casino-930,,casino-casino-10,0.6,
dialogue,graph,casino-945,casino-casino-945,,casino-casino-0,0.6,
dialogue,graph,casino-946,casino-casino-946,,casino-casino-1,0.6,
dialogue,graph,casino-948,casino-casino-948,,casino-casino-0,0.6,
dialogue,graph,casino-958,casino-casino-958,,casino-casino-0,0.6,
dialogue,graph,casino-972,casino-casino-972,,casino-casino-0,0.6,
dialogue,graph,casino-994,casino-casino-994,,casino-casino-0,0.6,
dialogue,graph,casino-996,casino-casino-996,,casino-casino-104,0.6,
dialogue,hybrid,casino-1003,casino-casino-1003,,casino-casino-476,0.4,
dialogue,hybrid,casino-101,casino-casino-101,,casino-casino-10,0.6,
dialogue,hybrid,casino-106,casino-casino-106,,casino-casino-0,0.6,
dialogue,hybrid,casino-115,casino-casino-115,,casino-casino-166,0.685795,
dialogue,hybrid,casino-133,casino-casino-133,,casino-casino-1002,0.702306,
dialogue,hybrid,casino-153,casino-casino-153,,casino-casino-437,0.6,
dialogue,hybrid,casino-179,casino-casino-179,,casino-casino-415,0.6,
dialogue,hybrid,casino-192,casino-casino-192,,casino-casino-0,0.6,
dialogue,hybrid,casino-195,casino-casino-195,,casino-casino-281,0.724024,
dialogue,hybrid,casino-221,casino-casino-221,,casino-casino-62,0.710831,
dialogue,hybrid,casino-246,casino-casino-246,1,casino-casino-246,0.4,0.4
dialogue,hybrid,casino-256,casino-casino-256,,casino-casino-206,0.4,
dialogue,hybrid,casino-274,casino-casino-274,,casino-casino-0,0.6,
dialogue,hybrid,casino-278,casino-casino-278,,casino-casino-81,0.6,
dialogue,hybrid,casino-29,casino-casino-29,,casino-casino-580,0.609647,
dialogue,hybrid,casino-293,casino-casino-293,,casino-casino-142,0.6,
dialogue,hybrid,casino-3,casino-casino-3,,casino-casino-247,0.4,
dialogue,hybrid,casino-316,casino-casino-316,,casino-casino-105,0.862542,
dialogue,hybrid,casino-327,casino-casino-327,,casino-casino-104,0.6,
dialogue,hybrid,casino-331,casino-casino-331,,casino-casino-1002,0.602714,
dialogue,hybrid,casino-333,casino-casino-333,,casino-casino-0,0.6,
dialogue,hybrid,casino-335,casino-casino-335,,casino-casino-0,0.6,
dialogue,hybrid,casino-34,casino-casino-34,,casino-casino-1005,0.6,
dialogue,hybrid,casino-360,casino-casino-360,,casino-casino-104,0.6,
dialogue,hybrid,casino-365,casino-casino-365,,casino-casino-508,0.624208,
dialogue,hybrid,casino-374,casino-casino-374,,casino-casino-167,0.6,
dialogue,hybrid,casino-376,casino-casino-376,,casino-casino-437,0.6,
dialogue,hybrid,casino-382,casino-casino-382,,casino-casino-580,0.904194,
dialogue,hybrid,casino-384,casino-casino-384,,casino-casino-124,0.702519,
dialogue,hybrid,casino-396,casino-casino-396,,casino-casino-191,0.606318,
dialogue,hybrid,casino-409,casino-casino-409,,casino-casino-0,0.6,
dialogue,hybrid,casino-412,casino-casino-412,,casino-casino-1,0.6,
dialogue,hybrid,casino-415,casino-casino-415,,casino-casino-1005,0.6,
dialogue,hybrid,casino-424,casino-casino-424,,casino-casino-104,0.6,
dialogue,hybrid,casino-426,casino-casino-426,,casino-casino-1002,0.63886,
dialogue,hybrid,casino-434,casino-casino-434,,casino-casino-96,0.622061,
dialogue,hybrid,casino-440,casino-casino-440,,casino-casino-94,0.6,
dialogue,hybrid,casino-447,casino-casino-447,,casino-casino-562,0.823477,
dialogue,hybrid,casino-454,casino-casino-454,,casino-casino-0,0.6,
dialogue,hybrid,casino-468,casino-casino-468,,casino-casino-104,0.6,
dialogue,hybrid,casino-469,casino-casino-469,,casino-casino-1002,0.756203,
dialogue,hybrid,casino-473,casino-casino-473,,casino-casino-0,0.6,
dialogue,hybrid,casino-49,casino-casino-49,,casino-casino-1002,0.833316,
dialogue,hybrid,casino-50,casino-casino-50,,casino-casino-0,0.6,
dialogue,hybrid,casino-501,casino-casino-501,,casino-casino-62,0.696538,
dialogue,hybrid,casino-51,casino-casino-51,,casino-casino-419,0.6,
dialogue,hybrid,casino-513,casino-casino-513,,casino-casino-77,0.633051,
dialogue,hybrid,casino-519,casino-casino-519,,casino-casino-415,0.6,
dialogue,hybrid,casino-52,casino-casino-52,,casino-casino-1002,0.683937,
dialogue,hybrid,casino-532,casino-casino-532,,casino-casino-1002,0.661403,
dialogue,hybrid,casino-534,casino-casino-534,,casino-casino-0,0.6,
dialogue,hybrid,casino-540,casino-casino-540,,casino-casino-142,0.6,
dialogue,hybrid,casino-542,casino-casino-542,,casino-casino-77,0.746823,
dialogue,hybrid,casino-558,casino-casino-558,,casino-casino-111,0.6,
dialogue,hybrid,casino-574,casino-casino-574,,casino-casino-187,0.610403,
dialogue,hybrid,casino-58,casino-casino-58,,casino-casino-1015,0.633775,
dialogue,hybrid,casino-589,casino-casino-589,,casino-casino-0,0.6,
dialogue,hybrid,casino-6,casino-casino-6,,casino-casino-97,0.6,
dialogue,hybrid,casino-602,casino-casino-602,,casino-casino-437,0.6,
dialogue,hybrid,casino-603,casino-casino-603,,casino-casino-119,0.602325,
dialogue,hybrid,casino-61,casino-casino-61,,casino-casino-0,0.6,
dialogue,hybrid,casino-616,casino-casino-616,,casino-casino-415,0.6,
dialogue,hybrid,casino-619,casino-casino-619,,casino-casino-142,0.6,
dialogue,hybrid,casino-638,casino-casino-638,,casino-casino-437,0.6,
dialogue,hybrid,casino-639,casino-casino-639,,casino-casino-0,0.6,
dialogue,hybrid,casino-644,casino-casino-644,,casino-casino-0,0.6,
dialogue,hybrid,casino-647,casino-casino-647,,casino-casino-1005,0.6,
dialogue,hybrid,casino-649,casino-casino-649,,casino-casino-0,0.6,
dialogue,hybrid,casino-662,casino-casino-662,,casino-casino-288,1.0,
dialogue,hybrid,casino-689,casino-casino-689,,casino-casino-0,0.6,
dialogue,hybrid,casino-696,casino-casino-696,,casino-casino-0,0.6,
dialogue,hybrid,casino-704,casino-casino-704,,casino-casino-1002,0.636776,
dialogue,hybrid,casino-709,casino-casino-709,,casino-casino-62,0.692069,
dialogue,hybrid,casino-718,casino-casino-718,,casino-casino-1011,0.6,
dialogue,hybrid,casino-734,casino-casino-734,,casino-casino-1002,0.662022,
dialogue,hybrid,casino-754,casino-casino-754,,casino-casino-0,0.6,
dialogue,hybrid,casino-760,casino-casino-760,,casino-casino-1015,0.689577,
dialogue,hybrid,casino-763,casino-casino-763,,casino-casino-0,0.6,
dialogue,hybrid,casino-795,casino-casino-795,,casino-casino-0,0.6,
dialogue,hybrid,casino-799,casino-casino-799,,casino-casino-104,0.6,
dialogue,hybrid,casino-805,casino-casino-805,,casino-casino-205,0.4,
dialogue,hybrid,casino-808,casino-casino-808,,casino-casino-175,0.734625,
dialogue,hybrid,casino-819,casino-casino-819,,casino-casino-101,0.678856,
dialogue,hybrid,casino-822,casino-casino-822,,casino-casino-0,0.6,
dialogue,hybrid,casino-828,casino-casino-828,,casino-casino-150,0.607998,
dialogue,hybrid,casino-831,casino-casino-831,,casino-casino-104,0.6,
dialogue,hybrid,casino-837,casino-casino-837,,casino-casino-126,0.6,
dialogue,hybrid,casino-839,casino-casino-839,,casino-casino-1002,0.654511,
dialogue,hybrid,casino-842,casino-casino-842,,casino-casino-0,0.6,
dialogue,hybrid,casino-847,casino-casino-847,,casino-casino-83,0.827214,
dialogue,hybrid,casino-86,casino-casino-86,,casino-casino-0,0.6,
dialogue,hybrid,casino-88,casino-casino-88,,casino-casino-1,0.6,
dialogue,hybrid,casino-887,casino-casino-887,,casino-casino-0,0.6,
dialogue,hybrid,casino-895,casino-casino-895,,casino-casino-104,0.6,
dialogue,hybrid,casino-930,casino-casino-930,,casino-casino-10,0.6,
dialogue,hybrid,casino-945,casino-casino-945,,casino-casino-105,0.724539,
dialogue,hybrid,casino-946,casino-casino-946,,casino-casino-1,0.6,
dialogue,hybrid,casino-948,casino-casino-948,,casino-casino-1002,0.659315,
dialogue,hybrid,casino-958,casino-casino-958,,casino-casino-0,0.6,
dialogue,hybrid,casino-972,casino-casino-972,,casino-casino-1002,0.662477,
dialogue,hybrid,casino-994,casino-casino-994,,casino-casino-1002,0.65753,
dialogue,hybrid,casino-996,casino-casino-996,,casino-casino-104,0.6,
dialogue,tfidf,casino-1003,casino-casino-1003,,strategy-no-need,0.358559,
dialogue,tfidf,casino-101,casino-casino-101,,strategy-no-need,0.430131,
dialogue,tfidf,casino-106,casino-casino-106,,strategy-no-need,0.355,
dialogue,tfidf,casino-115,casino-casino-115,,strategy-other-need,0.245127,
dialogue,tfidf,casino-133,casino-casino-133,,strategy-no-need,0.454376,
dialogue,tfidf,casino-153,casino-casino-153,,strategy-no-need,0.333157,
dialogue,tfidf,casino-179,casino-casino-179,,strategy-other-need,0.319873,
dialogue,tfidf,casino-192,casino-casino-192,,strategy-promote-coordination,0.160768,
dialogue,tfidf,casino-195,casino-casino-195,,strategy-no-need,0.366482,
dialogue,tfidf,casino-221,casino-casino-221,,strategy-no-need,0.295772,
dialogue,tfidf,casino-246,casino-casino-246,,strategy-no-need,0.231593,
dialogue,tfidf,casino-256,casino-casino-256,,strategy-other-need,0.300808,
dialogue,tfidf,casino-274,casino-casino-274,,strategy-other-need,0.316622,
dialogue,tfidf,casino-278,casino-casino-278,,strategy-no-need,0.407333,
dialogue,tfidf,casino-29,casino-casino-29,,strategy-other-need,0.24653,
dialogue,tfidf,casino-293,casino-casino-293,,strategy-other-need,0.272128,
dialogue,tfidf,casino-3,casino-casino-3,,strategy-no-need,0.278955,
dialogue,tfidf,casino-316,casino-casino-316,,strategy-no-need,0.355325,
dialogue,tfidf,casino-327,casino-casino-327,,strategy-no-need,0.273254,
dialogue,tfidf,casino-331,casino-casino-331,,strategy-no-need,0.35526,
dialogue,tfidf,casino-333,casino-casino-333,,strategy-no-need,0.385281,
dialogue,tfidf,casino-335,casino-casino-335,,strategy-no-need,0.273262,
dialogue,tfidf,casino-34,casino-casino-34,,strategy-no-need,0.298006,
dialogue,tfidf,casino-360,casino-casino-360,,strategy-no-need,0.403101,
dialogue,tfidf,casino-365,casino-casino-365,,strategy-no-need,0.332567,
dialogue,tfidf,casino-374,casino-casino-374,,strategy-elicit-pref,0.288059,
dialogue,tfidf,casino-376,casino-casino-376,,strategy-no-need,0.263109,
dialogue,tfidf,casino-382,casino-casino-382,,strategy-no-need,0.394061,
dialogue,tfidf,casino-384,casino-casino-384,,strategy-no-need,0.454498,
dialogue,tfidf,casino-396,casino-casino-396,,strategy-other-need,0.360057,
dialogue,tfidf,casino-409,casino-casino-409,,strategy-no-need,0.449495,
dialogue,tfidf,casino-412,casino-casino-412,,strategy-elicit-pref,0.212564,
dialogue,tfidf,casino-415,casino-casino-415,,strategy-no-need,0.359376,
dialogue,tfidf,casino-424,casino-casino-424,,strategy-no-need,0.344636,
dialogue,tfidf,casino-426,casino-casino-426,,strategy-no-need,0.273428,
dialogue,tfidf,casino-434,casino-casino-434,9,strategy-elicit-pref,0.25155,0.100551
dialogue,tfidf,casino-440,casino-casino-440,,strategy-no-need,0.356463,
dialogue,tfidf,casino-447,casino-casino-447,,strategy-no-need,0.329055,
dialogue,tfidf,casino-454,casino-casino-454,,strategy-no-need,0.395571,
dialogue,tfidf,casino-468,casino-casino-468,,strategy-other-need,0.357435,
dialogue,tfidf,casino-469,casino-casino-469,,strategy-other-need,0.247318,
dialogue,tfidf,casino-473,casino-casino-473,,strategy-no-need,0.288334,
dialogue,tfidf,casino-49,casino-casino-49,,strategy-no-need,0.457287,
dialogue,tfidf,casino-50,casino-casino-50,,strategy-no-need,0.323551,
dialogue,tfidf,casino-501,casino-casino-501,,strategy-other-need,0.314782,
dialogue,tfidf,casino-51,casino-casino-51,,strategy-no-need,0.365512,
dialogue,tfidf,casino-513,casino-casino-513,,strategy-no-need,0.439396,
dialogue,tfidf,casino-519,casino-casino-519,,strategy-no-need,0.336508,
dialogue,tfidf,casino-52,casino-casino-52,,strategy-no-need,0.359189,
dialogue,tfidf,casino-532,casino-casino-532,,strategy-no-need,0.290328,
dialogue,tfidf,casino-534,casino-casino-534,,strategy-no-need,0.398538,
dialogue,tfidf,casino-540,casino-casino-540,,strategy-other-need,0.31513,
dialogue,tfidf,casino-542,casino-casino-542,,strategy-no-need,0.261846,
dialogue,tfidf,casino-558,casino-casino-558,,strategy-no-need,0.365763,
dialogue,tfidf,casino-574,casino-casino-574,,strategy-other-need,0.328478,
dialogue,tfidf,casino-58,casino-casino-58,,strategy-other-need,0.197471,
dialogue,tfidf,casino-589,casino-casino-589,,strategy-no-need,0.386533,
dialogue,tfidf,casino-6,casino-casino-6,,strategy-no-need,0.253207,
dialogue,tfidf,casino-602,casino-casino-602,,strategy-no-need,0.354792,
dialogue,tfidf,casino-603,casino-casino-603,,strategy-no-need,0.298004,
dialogue,tfidf,casino-61,casino-casino-61,,strategy-no-need,0.319448,
dialogue,tfidf,casino-616,casino-casino-616,,strategy-no-need,0.301292,
dialogue,tfidf,casino-619,casino-casino-619,,strategy-no-need,0.35121,
dialogue,tfidf,casino-638,casino-casino-638,,strategy-no-need,0.314495,
dialogue,tfidf,casino-639,casino-casino-639,,strategy-no-need,0.319539,
dialogue,tfidf,casino-644,casino-casino-644,,strategy-no-need,0.350731,
dialogue,tfidf,casino-647,casino-casino-647,,strategy-no-need,0.343338,
dialogue,tfidf,casino-649,casino-casino-649,,strategy-no-need,0.373552,
dialogue,tfidf,casino-662,casino-casino-662,,strategy-no-need,0.285915,
dialogue,tfidf,casino-689,casino-casino-689,,strategy-no-need,0.38417,
dialogue,tfidf,casino-696,casino-casino-696,,strategy-no-need,0.36056,
dialogue,tfidf,casino-704,casino-casino-704,,strategy-no-need,0.423526,
dialogue,tfidf,casino-709,casino-casino-709,,strategy-no-need,0.299957,
dialogue,tfidf,casino-718,casino-casino-718,,strategy-no-need,0.443148,
dialogue,tfidf,casino-734,casino-casino-734,,strategy-no-need,0.465774,
dialogue,tfidf,casino-754,casino-casino-754,,strategy-no-need,0.492287,
dialogue,tfidf,casino-760,casino-casino-760,,strategy-no-need,0.287065,
dialogue,tfidf,casino-763,casino-casino-763,,strategy-no-need,0.32608,
dialogue,tfidf,casino-795,casino-casino-795,,strategy-no-need,0.322198,
dialogue,tfidf,casino-799,casino-casino-799,,strategy-no-need,0.289817,
dialogue,tfidf,casino-805,casino-casino-805,,strategy-elicit-pref,0.285871,
dialogue,tfidf,casino-808,casino-casino-808,,strategy-other-need,0.306121,
dialogue,tfidf,casino-819,casino-casino-819,,strategy-other-need,0.182665,
dialogue,tfidf,casino-822,casino-casino-822,,strategy-no-need,0.402489,
dialogue,tfidf,casino-828,casino-casino-828,,strategy-other-need,0.327988,
dialogue,tfidf,casino-831,casino-casino-831,,strategy-no-need,0.493267,
dialogue,tfidf,casino-837,casino-casino-837,,strategy-no-need,0.382468,
dialogue,tfidf,casino-839,casino-casino-839,,strategy-no-need,0.308494,
dialogue,tfidf,casino-842,casino-casino-842,,strategy-vouch-fair,0.281136,
dialogue,tfidf,casino-847,casino-casino-847,,strategy-other-need,0.301391,
dialogue,tfidf,casino-86,casino-casino-86,,strategy-elicit-pref,0.224006,
dialogue,tfidf,casino-88,casino-casino-88,,strategy-other-need,0.310149,
dialogue,tfidf,casino-887,casino-casino-887,,strategy-no-need,0.416971,
dialogue,tfidf,casino-895,casino-casino-895,,strategy-other-need,0.244069,
dialogue,tfidf,casino-930,casino-casino-930,,strategy-other-need,0.323081,
dialogue,tfidf,casino-945,casino-casino-945,,strategy-no-need,0.359727,
dialogue,tfidf,casino-946,casino-casino-946,,strategy-elicit-pref,0.274909,
dialogue,tfidf,casino-948,casino-casino-948,,strategy-elicit-pref,0.229655,
dialogue,tfidf,casino-958,casino-casino-958,,strategy-other-need,0.274056,
dialogue,tfidf,casino-972,casino-casino-972,,strategy-no-need,0.35936,
dialogue,tfidf,casino-994,casino-casino-994,,strategy-no-need,0.406951,
dialogue,tfidf,casino-996,casino-casino-996,,strategy-other-need,0.339536,
summary,pgvector,casino-1003,casino-casino-1003,1,casino-casino-1003,1.0,1.0
summary,pgvector,casino-101,casino-casino-101,1,casino-casino-101,1.0,1.0
summary,pgvector,casino-106,casino-casino-106,1,casino-casino-106,1.0,1.0
summary,pgvector,casino-115,casino-casino-115,1,casino-casino-115,1.0,1.0
summary,pgvector,casino-133,casino-casino-133,1,casino-casino-133,1.0,1.0
summary,pgvector,casino-153,casino-casino-153,1,casino-casino-153,1.0,1.0
summary,pgvector,casino-179,casino-casino-179,1,casino-casino-179,1.0,1.0
summary,pgvector,casino-192,casino-casino-192,1,casino-casino-192,1.0,1.0
summary,pgvector,casino-195,casino-casino-195,1,casino-casino-195,1.0,1.0
summary,pgvector,casino-221,casino-casino-221,1,casino-casino-221,1.0,1.0
summary,pgvector,casino-246,casino-casino-246,1,casino-casino-246,1.0,1.0
summary,pgvector,casino-256,casino-casino-256,1,casino-casino-256,1.0,1.0
summary,pgvector,casino-274,casino-casino-274,1,casino-casino-274,1.0,1.0
summary,pgvector,casino-278,casino-casino-278,1,casino-casino-278,1.0,1.0
summary,pgvector,casino-29,casino-casino-29,1,casino-casino-29,1.0,1.0
summary,pgvector,casino-293,casino-casino-293,1,casino-casino-293,1.0,1.0
summary,pgvector,casino-3,casino-casino-3,1,casino-casino-3,1.0,1.0
summary,pgvector,casino-316,casino-casino-316,1,casino-casino-316,1.0,1.0
summary,pgvector,casino-327,casino-casino-327,1,casino-casino-327,1.0,1.0
summary,pgvector,casino-331,casino-casino-331,1,casino-casino-331,1.0,1.0
summary,pgvector,casino-333,casino-casino-333,1,casino-casino-333,1.0,1.0
summary,pgvector,casino-335,casino-casino-335,1,casino-casino-335,1.0,1.0
summary,pgvector,casino-34,casino-casino-34,1,casino-casino-34,1.0,1.0
summary,pgvector,casino-360,casino-casino-360,1,casino-casino-360,1.0,1.0
summary,pgvector,casino-365,casino-casino-365,1,casino-casino-365,1.0,1.0
summary,pgvector,casino-374,casino-casino-374,1,casino-casino-374,1.0,1.0
summary,pgvector,casino-376,casino-casino-376,1,casino-casino-376,1.0,1.0
summary,pgvector,casino-382,casino-casino-382,1,casino-casino-382,1.0,1.0
summary,pgvector,casino-384,casino-casino-384,1,casino-casino-384,1.0,1.0
summary,pgvector,casino-396,casino-casino-396,1,casino-casino-396,1.0,1.0
summary,pgvector,casino-409,casino-casino-409,1,casino-casino-409,1.0,1.0
summary,pgvector,casino-412,casino-casino-412,1,casino-casino-412,1.0,1.0
summary,pgvector,casino-415,casino-casino-415,1,casino-casino-415,1.0,1.0
summary,pgvector,casino-424,casino-casino-424,1,casino-casino-424,1.0,1.0
summary,pgvector,casino-426,casino-casino-426,1,casino-casino-426,1.0,1.0
summary,pgvector,casino-434,casino-casino-434,1,casino-casino-434,1.0,1.0
summary,pgvector,casino-440,casino-casino-440,1,casino-casino-440,1.0,1.0
summary,pgvector,casino-447,casino-casino-447,1,casino-casino-447,1.0,1.0
summary,pgvector,casino-454,casino-casino-454,1,casino-casino-454,1.0,1.0
summary,pgvector,casino-468,casino-casino-468,1,casino-casino-468,1.0,1.0
summary,pgvector,casino-469,casino-casino-469,1,casino-casino-469,1.0,1.0
summary,pgvector,casino-473,casino-casino-473,1,casino-casino-473,1.0,1.0
summary,pgvector,casino-49,casino-casino-49,1,casino-casino-49,1.0,1.0
summary,pgvector,casino-50,casino-casino-50,1,casino-casino-50,1.0,1.0
summary,pgvector,casino-501,casino-casino-501,1,casino-casino-501,1.0,1.0
summary,pgvector,casino-51,casino-casino-51,1,casino-casino-51,1.0,1.0
summary,pgvector,casino-513,casino-casino-513,1,casino-casino-513,1.0,1.0
summary,pgvector,casino-519,casino-casino-519,1,casino-casino-519,1.0,1.0
summary,pgvector,casino-52,casino-casino-52,1,casino-casino-52,1.0,1.0
summary,pgvector,casino-532,casino-casino-532,1,casino-casino-532,1.0,1.0
summary,pgvector,casino-534,casino-casino-534,1,casino-casino-534,1.0,1.0
summary,pgvector,casino-540,casino-casino-540,1,casino-casino-540,1.0,1.0
summary,pgvector,casino-542,casino-casino-542,1,casino-casino-542,1.0,1.0
summary,pgvector,casino-558,casino-casino-558,1,casino-casino-558,1.0,1.0
summary,pgvector,casino-574,casino-casino-574,1,casino-casino-574,1.0,1.0
summary,pgvector,casino-58,casino-casino-58,1,casino-casino-58,1.0,1.0
summary,pgvector,casino-589,casino-casino-589,1,casino-casino-589,1.0,1.0
summary,pgvector,casino-6,casino-casino-6,1,casino-casino-6,1.0,1.0
summary,pgvector,casino-602,casino-casino-602,1,casino-casino-602,1.0,1.0
summary,pgvector,casino-603,casino-casino-603,1,casino-casino-603,1.0,1.0
summary,pgvector,casino-61,casino-casino-61,1,casino-casino-61,1.0,1.0
summary,pgvector,casino-616,casino-casino-616,1,casino-casino-616,1.0,1.0
summary,pgvector,casino-619,casino-casino-619,1,casino-casino-619,1.0,1.0
summary,pgvector,casino-638,casino-casino-638,1,casino-casino-638,1.0,1.0
summary,pgvector,casino-639,casino-casino-639,1,casino-casino-639,1.0,1.0
summary,pgvector,casino-644,casino-casino-644,1,casino-casino-644,1.0,1.0
summary,pgvector,casino-647,casino-casino-647,1,casino-casino-647,1.0,1.0
summary,pgvector,casino-649,casino-casino-649,1,casino-casino-649,1.0,1.0
summary,pgvector,casino-662,casino-casino-662,1,casino-casino-662,1.0,1.0
summary,pgvector,casino-689,casino-casino-689,1,casino-casino-689,1.0,1.0
summary,pgvector,casino-696,casino-casino-696,1,casino-casino-696,1.0,1.0
summary,pgvector,casino-704,casino-casino-704,1,casino-casino-704,1.0,1.0
summary,pgvector,casino-709,casino-casino-709,1,casino-casino-709,1.0,1.0
summary,pgvector,casino-718,casino-casino-718,1,casino-casino-718,1.0,1.0
summary,pgvector,casino-734,casino-casino-734,1,casino-casino-734,1.0,1.0
summary,pgvector,casino-754,casino-casino-754,1,casino-casino-754,1.0,1.0
summary,pgvector,casino-760,casino-casino-760,1,casino-casino-760,1.0,1.0
summary,pgvector,casino-763,casino-casino-763,1,casino-casino-763,1.0,1.0
summary,pgvector,casino-795,casino-casino-795,1,casino-casino-795,1.0,1.0
summary,pgvector,casino-799,casino-casino-799,1,casino-casino-799,1.0,1.0
summary,pgvector,casino-805,casino-casino-805,1,casino-casino-805,1.0,1.0
summary,pgvector,casino-808,casino-casino-808,1,casino-casino-808,1.0,1.0
summary,pgvector,casino-819,casino-casino-819,1,casino-casino-819,1.0,1.0
summary,pgvector,casino-822,casino-casino-822,1,casino-casino-822,1.0,1.0
summary,pgvector,casino-828,casino-casino-828,1,casino-casino-828,1.0,1.0
summary,pgvector,casino-831,casino-casino-831,1,casino-casino-831,1.0,1.0
summary,pgvector,casino-837,casino-casino-837,1,casino-casino-837,1.0,1.0
summary,pgvector,casino-839,casino-casino-839,1,casino-casino-839,1.0,1.0
summary,pgvector,casino-842,casino-casino-842,1,casino-casino-842,1.0,1.0
summary,pgvector,casino-847,casino-casino-847,1,casino-casino-847,1.0,1.0
summary,pgvector,casino-86,casino-casino-86,1,casino-casino-86,1.0,1.0
summary,pgvector,casino-88,casino-casino-88,1,casino-casino-88,1.0,1.0
summary,pgvector,casino-887,casino-casino-887,1,casino-casino-887,1.0,1.0
summary,pgvector,casino-895,casino-casino-895,1,casino-casino-895,1.0,1.0
summary,pgvector,casino-930,casino-casino-930,1,casino-casino-930,1.0,1.0
summary,pgvector,casino-945,casino-casino-945,1,casino-casino-945,1.0,1.0
summary,pgvector,casino-946,casino-casino-946,1,casino-casino-946,1.0,1.0
summary,pgvector,casino-948,casino-casino-948,1,casino-casino-948,1.0,1.0
summary,pgvector,casino-958,casino-casino-958,1,casino-casino-958,1.0,1.0
summary,pgvector,casino-972,casino-casino-972,1,casino-casino-972,1.0,1.0
summary,pgvector,casino-994,casino-casino-994,1,casino-casino-994,1.0,1.0
summary,pgvector,casino-996,casino-casino-996,1,casino-casino-996,1.0,1.0
summary,graph,casino-1003,casino-casino-1003,,casino-casino-81,0.6,
summary,graph,casino-101,casino-casino-101,2,casino-casino-81,0.6,0.545695
summary,graph,casino-106,casino-casino-106,,casino-casino-62,0.6,
summary,graph,casino-115,casino-casino-115,,casino-casino-451,0.6,
summary,graph,casino-133,casino-casino-133,,casino-casino-63,0.6,
summary,graph,casino-153,casino-casino-153,,casino-casino-451,0.6,
summary,graph,casino-179,casino-casino-179,,casino-casino-63,0.6,
summary,graph,casino-192,casino-casino-192,,casino-casino-81,0.6,
summary,graph,casino-195,casino-casino-195,,casino-casino-81,0.6,
summary,graph,casino-221,casino-casino-221,2,casino-casino-19,0.6,0.6
summary,graph,casino-246,casino-casino-246,,casino-casino-81,0.6,
summary,graph,casino-256,casino-casino-256,,casino-casino-81,0.6,
summary,graph,casino-274,casino-casino-274,,casino-casino-81,0.6,
summary,graph,casino-278,casino-casino-278,,casino-casino-81,0.6,
summary,graph,casino-29,casino-casino-29,,casino-casino-451,0.6,
summary,graph,casino-293,casino-casino-293,,casino-casino-81,0.6,
summary,graph,casino-3,casino-casino-3,,casino-casino-63,0.6,
summary,graph,casino-316,casino-casino-316,,casino-casino-81,0.6,
summary,graph,casino-327,casino-casino-327,,casino-casino-81,0.6,
summary,graph,casino-331,casino-casino-331,,casino-casino-81,0.6,
summary,graph,casino-333,casino-casino-333,,casino-casino-81,0.6,
summary,graph,casino-335,casino-casino-335,,casino-casino-81,0.6,
summary,graph,casino-34,casino-casino-34,,casino-casino-63,0.6,
summary,graph,casino-360,casino-casino-360,,casino-casino-81,0.6,
summary,graph,casino-365,casino-casino-365,,casino-casino-81,0.6,
summary,graph,casino-374,casino-casino-374,,casino-casino-1005,0.6,
summary,graph,casino-376,casino-casino-376,,casino-casino-81,0.6,
summary,graph,casino-382,casino-casino-382,,casino-casino-81,0.6,
summary,graph,casino-384,casino-casino-384,,casino-casino-81,0.6,
summary,graph,casino-396,casino-casino-396,,casino-casino-81,0.6,
summary,graph,casino-409,casino-casino-409,,casino-casino-81,0.6,
summary,graph,casino-412,casino-casino-412,,casino-casino-81,0.6,
summary,graph,casino-415,casino-casino-415,1,casino-casino-415,0.6,0.6
summary,graph,casino-424,casino-casino-424,,casino-casino-451,0.6,
summary,graph,casino-426,casino-casino-426,,casino-casino-415,0.6,
summary,graph,casino-434,casino-casino-434,,casino-casino-451,0.6,
summary,graph,casino-440,casino-casino-440,,casino-casino-451,0.6,
summary,graph,casino-447,casino-casino-447,,casino-casino-81,0.6,
summary,graph,casino-454,casino-casino-454,,casino-casino-451,0.6,
summary,graph,casino-468,casino-casino-468,,casino-casino-63,0.6,
summary,graph,casino-469,casino-casino-469,,casino-casino-415,0.6,
summary,graph,casino-473,casino-casino-473,,casino-casino-451,0.6,
summary,graph,casino-49,casino-casino-49,,casino-casino-81,0.6,
summary,graph,casino-50,casino-casino-50,,casino-casino-451,0.6,
summary,graph,casino-501,casino-casino-501,,casino-casino-451,0.6,
summary,graph,casino-51,casino-casino-51,10,casino-casino-415,0.6,0.512221
summary,graph,casino-513,casino-casino-513,,casino-casino-415,0.6,
summary,graph,casino-519,casino-casino-519,,casino-casino-451,0.6,
summary,graph,casino-52,casino-casino-52,,casino-casino-81,0.6,
summary,graph,casino-532,casino-casino-532,,casino-casino-1005,0.6,
summary,graph,casino-534,casino-casino-534,,casino-casino-451,0.6,
summary,graph,casino-540,casino-casino-540,,casino-casino-451,0.6,
summary,graph,casino-542,casino-casino-542,,casino-casino-81,0.6,
summary,graph,casino-558,casino-casino-558,,casino-casino-451,0.6,
summary,graph,casino-574,casino-casino-574,,casino-casino-451,0.6,
summary,graph,casino-58,casino-casino-58,,casino-casino-451,0.6,
summary,graph,casino-589,casino-casino-589,,casino-casino-451,0.6,
summary,graph,casino-6,casino-casino-6,,casino-casino-415,0.6,
summary,graph,casino-602,casino-casino-602,,casino-casino-415,0.6,
summary,graph,casino-603,casino-casino-603,,casino-casino-451,0.6,
summary,graph,casino-61,casino-casino-61,,casino-casino-451,0.6,
summary,graph,casino-616,casino-casino-616,,casino-casino-81,0.6,
summary,graph,casino-619,casino-casino-619,,casino-casino-81,0.6,
summary,graph,casino-638,casino-casino-638,,casino-casino-81,0.6,
summary,graph,casino-639,casino-casino-639,,casino-casino-81,0.6,
summary,graph,casino-644,casino-casino-644,,casino-casino-81,0.6,
summary,graph,casino-647,casino-casino-647,,casino-casino-81,0.6,
summary,graph,casino-649,casino-casino-649,,casino-casino-81,0.6,
summary,graph,casino-662,casino-casino-662,,casino-casino-81,0.6,
summary,graph,casino-689,casino-casino-689,,casino-casino-19,0.6,
summary,graph,casino-696,casino-casino-696,,casino-casino-81,0.6,
summary,graph,casino-704,casino-casino-704,,casino-casino-81,0.6,
summary,graph,casino-709,casino-casino-709,,casino-casino-81,0.6,
summary,graph,casino-718,casino-casino-718,,casino-casino-81,0.6,
summary,graph,casino-734,casino-casino-734,,casino-casino-81,0.6,
summary,graph,casino-754,casino-casino-754,,casino-casino-81,0.6,
summary,graph,casino-760,casino-casino-760,,casino-casino-81,0.6,
summary,graph,casino-763,casino-casino-763,,casino-casino-81,0.6,
summary,graph,casino-795,casino-casino-795,,casino-casino-81,0.6,
summary,graph,casino-799,casino-casino-799,,casino-casino-81,0.6,
summary,graph,casino-805,casino-casino-805,,casino-casino-81,0.6,
summary,graph,casino-808,casino-casino-808,,casino-casino-81,0.6,
summary,graph,casino-819,casino-casino-819,,casino-casino-1005,0.6,
summary,graph,casino-822,casino-casino-822,,casino-casino-81,0.6,
summary,graph,casino-828,casino-casino-828,,casino-casino-81,0.6,
summary,graph,casino-831,casino-casino-831,,casino-casino-81,0.6,
summary,graph,casino-837,casino-casino-837,,casino-casino-19,0.6,
summary,graph,casino-839,casino-casino-839,,casino-casino-81,0.6,
summary,graph,casino-842,casino-casino-842,,casino-casino-81,0.6,
summary,graph,casino-847,casino-casino-847,,casino-casino-81,0.6,
summary,graph,casino-86,casino-casino-86,,casino-casino-81,0.6,
summary,graph,casino-88,casino-casino-88,,casino-casino-81,0.6,
summary,graph,casino-887,casino-casino-887,,casino-casino-1005,0.6,
summary,graph,casino-895,casino-casino-895,,casino-casino-19,0.6,
summary,graph,casino-930,casino-casino-930,,casino-casino-81,0.6,
summary,graph,casino-945,casino-casino-945,,casino-casino-81,0.6,
summary,graph,casino-946,casino-casino-946,,casino-casino-81,0.6,
summary,graph,casino-948,casino-casino-948,,casino-casino-81,0.6,
summary,graph,casino-958,casino-casino-958,,casino-casino-81,0.6,
summary,graph,casino-972,casino-casino-972,,casino-casino-81,0.6,
summary,graph,casino-994,casino-casino-994,,casino-casino-81,0.6,
summary,graph,casino-996,casino-casino-996,,casino-casino-81,0.6,
summary,hybrid,casino-1003,casino-casino-1003,,casino-casino-81,0.6,
summary,hybrid,casino-101,casino-casino-101,1,casino-casino-101,0.945695,0.945695
summary,hybrid,casino-106,casino-casino-106,,casino-casino-96,0.652278,
summary,hybrid,casino-115,casino-casino-115,,casino-casino-451,0.6,
summary,hybrid,casino-133,casino-casino-133,,casino-casino-191,0.603475,
summary,hybrid,casino-153,casino-casino-153,,casino-casino-451,0.6,
summary,hybrid,casino-179,casino-casino-179,,casino-casino-63,0.6,
summary,hybrid,casino-192,casino-casino-192,,casino-casino-81,0.6,
summary,hybrid,casino-195,casino-casino-195,,casino-casino-81,0.6,
summary,hybrid,casino-221,casino-casino-221,1,casino-casino-221,1.0,1.0
summary,hybrid,casino-246,casino-casino-246,,casino-casino-81,0.6,
summary,hybrid,casino-256,casino-casino-256,,casino-casino-81,0.6,
summary,hybrid,casino-274,casino-casino-274,,casino-casino-81,0.6,
summary,hybrid,casino-278,casino-casino-278,,casino-casino-81,0.6,
summary,hybrid,casino-29,casino-casino-29,,casino-casino-451,0.6,
summary,hybrid,casino-293,casino-casino-293,,casino-casino-81,0.6,
summary,hybrid,casino-3,casino-casino-3,,casino-casino-63,0.6,
summary,hybrid,casino-316,casino-casino-316,,casino-casino-81,0.6,
summary,hybrid,casino-327,casino-casino-327,,casino-casino-81,0.6,
summary,hybrid,casino-331,casino-casino-331,,casino-casino-81,0.6,
summary,hybrid,casino-333,casino-casino-333,,casino-casino-81,0.6,
summary,hybrid,casino-335,casino-casino-335,,casino-casino-81,0.6,
summary,hybrid,casino-34,casino-casino-34,,casino-casino-105,0.754155,
summary,hybrid,casino-360,casino-casino-360,,casino-casino-81,0.6,
summary,hybrid,casino-365,casino-casino-365,,casino-casino-81,0.6,
summary,hybrid,casino-374,casino-casino-374,,casino-casino-1005,0.6,
summary,hybrid,casino-376,casino-casino-376,,casino-casino-81,0.6,
summary,hybrid,casino-382,casino-casino-382,,casino-casino-81,0.6,
summary,hybrid,casino-384,casino-casino-384,,casino-casino-81,0.6,
summary,hybrid,casino-396,casino-casino-396,,casino-casino-81,0.6,
summary,hybrid,casino-409,casino-casino-409,,casino-casino-81,0.6,
summary,hybrid,casino-412,casino-casino-412,,casino-casino-81,0.6,
summary,hybrid,casino-415,casino-casino-415,1,casino-casino-415,1.0,1.0
summary,hybrid,casino-424,casino-casino-424,,casino-casino-451,0.6,
summary,hybrid,casino-426,casino-casino-426,,casino-casino-437,0.752744,
summary,hybrid,casino-434,casino-casino-434,,casino-casino-451,0.6,
summary,hybrid,casino-440,casino-casino-440,1,casino-casino-440,0.891907,0.891907
summary,hybrid,casino-447,casino-casino-447,,casino-casino-81,0.6,
summary,hybrid,casino-454,casino-casino-454,,casino-casino-496,0.606821,
summary,hybrid,casino-468,casino-casino-468,,casino-casino-63,0.6,
summary,hybrid,casino-469,casino-casino-469,,casino-casino-496,0.621455,
summary,hybrid,casino-473,casino-casino-473,,casino-casino-526,0.626734,
summary,hybrid,casino-49,casino-casino-49,,casino-casino-81,0.6,
summary,hybrid,casino-50,casino-casino-50,,casino-casino-451,0.6,
summary,hybrid,casino-501,casino-casino-501,,casino-casino-451,0.6,
summary,hybrid,casino-51,casino-casino-51,1,casino-casino-51,0.912221,0.912221
summary,hybrid,casino-513,casino-casino-513,1,casino-casino-513,0.801006,0.801006
summary,hybrid,casino-519,casino-casino-519,,casino-casino-496,0.674455,
summary,hybrid,casino-52,casino-casino-52,,casino-casino-81,0.6,
summary,hybrid,casino-532,casino-casino-532,,casino-casino-1005,0.6,
summary,hybrid,casino-534,casino-casino-534,,casino-casino-428,0.62515,
summary,hybrid,casino-540,casino-casino-540,,casino-casino-451,0.6,
summary,hybrid,casino-542,casino-casino-542,1,casino-casino-542,0.851551,0.851551
summary,hybrid,casino-558,casino-casino-558,,casino-casino-503,0.609006,
summary,hybrid,casino-574,casino-casino-574,,casino-casino-451,0.6,
summary,hybrid,casino-58,casino-casino-58,,casino-casino-451,0.6,
summary,hybrid,casino-589,casino-casino-589,,casino-casino-215,0.700401,
summary,hybrid,casino-6,casino-casino-6,,casino-casino-63,0.694501,
summary,hybrid,casino-602,casino-casino-602,,casino-casino-63,0.618063,
summary,hybrid,casino-603,casino-casino-603,,casino-casino-451,0.6,
summary,hybrid,casino-61,casino-casino-61,,casino-casino-451,0.6,
summary,hybrid,casino-616,casino-casino-616,,casino-casino-81,0.6,
summary,hybrid,casino-619,casino-casino-619,,casino-casino-81,0.6,
summary,hybrid,casino-638,casino-casino-638,,casino-casino-81,0.6,
summary,hybrid,casino-639,casino-casino-639,,casino-casino-81,0.6,
summary,hybrid,casino-644,casino-casino-644,,casino-casino-81,0.6,
summary,hybrid,casino-647,casino-casino-647,,casino-casino-81,0.6,
summary,hybrid,casino-649,casino-casino-649,,casino-casino-81,0.6,
summary,hybrid,casino-662,casino-casino-662,,casino-casino-81,0.6,
summary,hybrid,casino-689,casino-casino-689,4,casino-casino-939,0.955482,0.4
summary,hybrid,casino-696,casino-casino-696,,casino-casino-81,0.6,
summary,hybrid,casino-704,casino-casino-704,,casino-casino-81,0.6,
summary,hybrid,casino-709,casino-casino-709,,casino-casino-81,0.6,
summary,hybrid,casino-718,casino-casino-718,,casino-casino-81,0.6,
summary,hybrid,casino-734,casino-casino-734,,casino-casino-81,0.6,
summary,hybrid,casino-754,casino-casino-754,,casino-casino-81,0.6,
summary,hybrid,casino-760,casino-casino-760,1,casino-casino-760,0.939503,0.939503
summary,hybrid,casino-763,casino-casino-763,,casino-casino-81,0.6,
summary,hybrid,casino-795,casino-casino-795,,casino-casino-81,0.6,
summary,hybrid,casino-799,casino-casino-799,,casino-casino-81,0.6,
summary,hybrid,casino-805,casino-casino-805,,casino-casino-81,0.6,
summary,hybrid,casino-808,casino-casino-808,,casino-casino-81,0.6,
summary,hybrid,casino-819,casino-casino-819,,casino-casino-1005,0.6,
summary,hybrid,casino-822,casino-casino-822,,casino-casino-81,0.6,
summary,hybrid,casino-828,casino-casino-828,,casino-casino-81,0.6,
summary,hybrid,casino-831,casino-casino-831,,casino-casino-81,0.6,
summary,hybrid,casino-837,casino-casino-837,4,casino-casino-939,0.950817,0.4
summary,hybrid,casino-839,casino-casino-839,,casino-casino-81,0.6,
summary,hybrid,casino-842,casino-casino-842,,casino-casino-81,0.6,
summary,hybrid,casino-847,casino-casino-847,,casino-casino-81,0.6,
summary,hybrid,casino-86,casino-casino-86,,casino-casino-191,0.607935,
summary,hybrid,casino-88,casino-casino-88,,casino-casino-81,0.693879,
summary,hybrid,casino-887,casino-casino-887,,casino-casino-1005,0.6,
summary,hybrid,casino-895,casino-casino-895,4,casino-casino-939,0.961783,0.4
summary,hybrid,casino-930,casino-casino-930,,casino-casino-81,0.6,
summary,hybrid,casino-945,casino-casino-945,,casino-casino-81,0.6,
summary,hybrid,casino-946,casino-casino-946,,casino-casino-81,0.6,
summary,hybrid,casino-948,casino-casino-948,,casino-casino-81,0.6,
summary,hybrid,casino-958,casino-casino-958,,casino-casino-81,0.6,
summary,hybrid,casino-972,casino-casino-972,,casino-casino-81,0.6,
summary,hybrid,casino-994,casino-casino-994,,casino-casino-81,0.6,
summary,hybrid,casino-996,casino-casino-996,,casino-casino-81,0.6,
summary,tfidf,casino-1003,casino-casino-1003,1,casino-casino-1003,1.0,1.0
summary,tfidf,casino-101,casino-casino-101,1,casino-casino-101,1.0,1.0
summary,tfidf,casino-106,casino-casino-106,1,casino-casino-106,1.0,1.0
summary,tfidf,casino-115,casino-casino-115,1,casino-casino-115,1.0,1.0
summary,tfidf,casino-133,casino-casino-133,1,casino-casino-133,1.0,1.0
summary,tfidf,casino-153,casino-casino-153,1,casino-casino-153,1.0,1.0
summary,tfidf,casino-179,casino-casino-179,1,casino-casino-179,1.0,1.0
summary,tfidf,casino-192,casino-casino-192,1,casino-casino-192,1.0,1.0
summary,tfidf,casino-195,casino-casino-195,1,casino-casino-195,1.0,1.0
summary,tfidf,casino-221,casino-casino-221,1,casino-casino-221,1.0,1.0
summary,tfidf,casino-246,casino-casino-246,1,casino-casino-246,1.0,1.0
summary,tfidf,casino-256,casino-casino-256,1,casino-casino-256,1.0,1.0
summary,tfidf,casino-274,casino-casino-274,1,casino-casino-274,1.0,1.0
summary,tfidf,casino-278,casino-casino-278,1,casino-casino-278,1.0,1.0
summary,tfidf,casino-29,casino-casino-29,1,casino-casino-29,1.0,1.0
summary,tfidf,casino-293,casino-casino-293,1,casino-casino-293,1.0,1.0
summary,tfidf,casino-3,casino-casino-3,1,casino-casino-3,1.0,1.0
summary,tfidf,casino-316,casino-casino-316,1,casino-casino-316,1.0,1.0
summary,tfidf,casino-327,casino-casino-327,1,casino-casino-327,1.0,1.0
summary,tfidf,casino-331,casino-casino-331,1,casino-casino-331,1.0,1.0
summary,tfidf,casino-333,casino-casino-333,1,casino-casino-333,1.0,1.0
summary,tfidf,casino-335,casino-casino-335,1,casino-casino-335,1.0,1.0
summary,tfidf,casino-34,casino-casino-34,1,casino-casino-34,1.0,1.0
summary,tfidf,casino-360,casino-casino-360,1,casino-casino-360,1.0,1.0
summary,tfidf,casino-365,casino-casino-365,1,casino-casino-365,1.0,1.0
summary,tfidf,casino-374,casino-casino-374,1,casino-casino-374,1.0,1.0
summary,tfidf,casino-376,casino-casino-376,1,casino-casino-376,1.0,1.0
summary,tfidf,casino-382,casino-casino-382,1,casino-casino-382,1.0,1.0
summary,tfidf,casino-384,casino-casino-384,1,casino-casino-384,1.0,1.0
summary,tfidf,casino-396,casino-casino-396,1,casino-casino-396,1.0,1.0
summary,tfidf,casino-409,casino-casino-409,1,casino-casino-409,1.0,1.0
summary,tfidf,casino-412,casino-casino-412,1,casino-casino-412,1.0,1.0
summary,tfidf,casino-415,casino-casino-415,1,casino-casino-415,1.0,1.0
summary,tfidf,casino-424,casino-casino-424,1,casino-casino-424,1.0,1.0
summary,tfidf,casino-426,casino-casino-426,1,casino-casino-426,1.0,1.0
summary,tfidf,casino-434,casino-casino-434,1,casino-casino-434,1.0,1.0
summary,tfidf,casino-440,casino-casino-440,1,casino-casino-440,1.0,1.0
summary,tfidf,casino-447,casino-casino-447,1,casino-casino-447,1.0,1.0
summary,tfidf,casino-454,casino-casino-454,1,casino-casino-454,1.0,1.0
summary,tfidf,casino-468,casino-casino-468,1,casino-casino-468,1.0,1.0
summary,tfidf,casino-469,casino-casino-469,1,casino-casino-469,1.0,1.0
summary,tfidf,casino-473,casino-casino-473,1,casino-casino-473,1.0,1.0
summary,tfidf,casino-49,casino-casino-49,1,casino-casino-49,1.0,1.0
summary,tfidf,casino-50,casino-casino-50,1,casino-casino-50,1.0,1.0
summary,tfidf,casino-501,casino-casino-501,1,casino-casino-501,1.0,1.0
summary,tfidf,casino-51,casino-casino-51,1,casino-casino-51,1.0,1.0
summary,tfidf,casino-513,casino-casino-513,1,casino-casino-513,1.0,1.0
summary,tfidf,casino-519,casino-casino-519,1,casino-casino-519,1.0,1.0
summary,tfidf,casino-52,casino-casino-52,1,casino-casino-52,1.0,1.0
summary,tfidf,casino-532,casino-casino-532,1,casino-casino-532,1.0,1.0
summary,tfidf,casino-534,casino-casino-534,1,casino-casino-534,1.0,1.0
summary,tfidf,casino-540,casino-casino-540,1,casino-casino-540,1.0,1.0
summary,tfidf,casino-542,casino-casino-542,1,casino-casino-542,1.0,1.0
summary,tfidf,casino-558,casino-casino-558,1,casino-casino-558,1.0,1.0
summary,tfidf,casino-574,casino-casino-574,1,casino-casino-574,1.0,1.0
summary,tfidf,casino-58,casino-casino-58,1,casino-casino-58,1.0,1.0
summary,tfidf,casino-589,casino-casino-589,1,casino-casino-589,1.0,1.0
summary,tfidf,casino-6,casino-casino-6,1,casino-casino-6,1.0,1.0
summary,tfidf,casino-602,casino-casino-602,1,casino-casino-602,1.0,1.0
summary,tfidf,casino-603,casino-casino-603,1,casino-casino-603,1.0,1.0
summary,tfidf,casino-61,casino-casino-61,1,casino-casino-61,1.0,1.0
summary,tfidf,casino-616,casino-casino-616,1,casino-casino-616,1.0,1.0
summary,tfidf,casino-619,casino-casino-619,1,casino-casino-619,1.0,1.0
summary,tfidf,casino-638,casino-casino-638,1,casino-casino-638,1.0,1.0
summary,tfidf,casino-639,casino-casino-639,1,casino-casino-639,1.0,1.0
summary,tfidf,casino-644,casino-casino-644,1,casino-casino-644,1.0,1.0
summary,tfidf,casino-647,casino-casino-647,1,casino-casino-647,1.0,1.0
summary,tfidf,casino-649,casino-casino-649,1,casino-casino-649,1.0,1.0
summary,tfidf,casino-662,casino-casino-662,1,casino-casino-662,1.0,1.0
summary,tfidf,casino-689,casino-casino-689,1,casino-casino-689,1.0,1.0
summary,tfidf,casino-696,casino-casino-696,1,casino-casino-696,1.0,1.0
summary,tfidf,casino-704,casino-casino-704,1,casino-casino-704,1.0,1.0
summary,tfidf,casino-709,casino-casino-709,1,casino-casino-709,1.0,1.0
summary,tfidf,casino-718,casino-casino-718,1,casino-casino-718,1.0,1.0
summary,tfidf,casino-734,casino-casino-734,1,casino-casino-734,1.0,1.0
summary,tfidf,casino-754,casino-casino-754,1,casino-casino-754,1.0,1.0
summary,tfidf,casino-760,casino-casino-760,1,casino-casino-760,1.0,1.0
summary,tfidf,casino-763,casino-casino-763,1,casino-casino-763,1.0,1.0
summary,tfidf,casino-795,casino-casino-795,1,casino-casino-795,1.0,1.0
summary,tfidf,casino-799,casino-casino-799,1,casino-casino-799,1.0,1.0
summary,tfidf,casino-805,casino-casino-805,1,casino-casino-805,1.0,1.0
summary,tfidf,casino-808,casino-casino-808,1,casino-casino-808,1.0,1.0
summary,tfidf,casino-819,casino-casino-819,1,casino-casino-819,1.0,1.0
summary,tfidf,casino-822,casino-casino-822,1,casino-casino-822,1.0,1.0
summary,tfidf,casino-828,casino-casino-828,1,casino-casino-828,1.0,1.0
summary,tfidf,casino-831,casino-casino-831,1,casino-casino-831,1.0,1.0
summary,tfidf,casino-837,casino-casino-837,1,casino-casino-837,1.0,1.0
summary,tfidf,casino-839,casino-casino-839,1,casino-casino-839,1.0,1.0
summary,tfidf,casino-842,casino-casino-842,1,casino-casino-842,1.0,1.0
summary,tfidf,casino-847,casino-casino-847,1,casino-casino-847,1.0,1.0
summary,tfidf,casino-86,casino-casino-86,1,casino-casino-86,1.0,1.0
summary,tfidf,casino-88,casino-casino-88,1,casino-casino-88,1.0,1.0
summary,tfidf,casino-887,casino-casino-887,1,casino-casino-887,1.0,1.0
summary,tfidf,casino-895,casino-casino-895,1,casino-casino-895,1.0,1.0
summary,tfidf,casino-930,casino-casino-930,1,casino-casino-930,1.0,1.0
summary,tfidf,casino-945,casino-casino-945,1,casino-casino-945,1.0,1.0
summary,tfidf,casino-946,casino-casino-946,1,casino-casino-946,1.0,1.0
summary,tfidf,casino-948,casino-casino-948,1,casino-casino-948,1.0,1.0
summary,tfidf,casino-958,casino-casino-958,1,casino-casino-958,1.0,1.0
summary,tfidf,casino-972,casino-casino-972,1,casino-casino-972,1.0,1.0
summary,tfidf,casino-994,casino-casino-994,1,casino-casino-994,1.0,1.0
summary,tfidf,casino-996,casino-casino-996,1,casino-casino-996,1.0,1.0
strategy,pgvector,casino-101#0,strategy-elicit-pref,4,strategy-non-strategic,0.208049,0.149731
strategy,pgvector,casino-101#1,strategy-non-strategic,,casino-casino-190,0.428382,
strategy,pgvector,casino-101#6,strategy-self-need,,casino-casino-190,0.399349,
strategy,pgvector,casino-101#8,strategy-elicit-pref,,strategy-self-need,0.509895,
strategy,pgvector,casino-106#0,strategy-small-talk,1,strategy-small-talk,0.150279,0.150279
strategy,pgvector,casino-106#3,strategy-elicit-pref,,strategy-self-need,0.2338,
strategy,pgvector,casino-106#7,strategy-non-strategic,,casino-casino-300,0.450348,
strategy,pgvector,casino-106#9,strategy-non-strategic,,strategy-no-need,0.172962,
strategy,pgvector,casino-115#0,strategy-self-need,,casino-casino-190,0.337311,
strategy,pgvector,casino-115#2,strategy-vouch-fair,1,strategy-vouch-fair,0.296443,0.296443
strategy,pgvector,casino-115#4,strategy-non-strategic,,casino-casino-83,0.179622,
strategy,pgvector,casino-115#6,strategy-non-strategic,,casino-casino-204,0.389826,
strategy,pgvector,casino-115#8,strategy-elicit-pref,,strategy-self-need,0.415699,
strategy,pgvector,casino-133#0,strategy-non-strategic,,casino-casino-300,0.431007,
strategy,pgvector,casino-133#2,strategy-self-need,1,strategy-self-need,0.373256,0.373256
strategy,pgvector,casino-133#4,strategy-showing-empathy,,strategy-self-need,0.456372,
strategy,pgvector,casino-133#7,strategy-showing-empathy,,strategy-no-need,0.39448,
strategy,pgvector,casino-133#9,strategy-no-need,,casino-casino-190,0.369845,
strategy,pgvector,casino-133#11,strategy-promote-coordination,,casino-casino-8,0.352507,
strategy,pgvector,casino-133#13,strategy-non-strategic,,casino-casino-275,0.313758,
strategy,pgvector,casino-133#15,strategy-non-strategic,,casino-casino-174,0.4781,
strategy,pgvector,casino-133#17,strategy-non-strategic,,casino-casino-174,0.493879,
strategy,pgvector,casino-133#18,strategy-non-strategic,,strategy-promote-coordination,0.155026,
strategy,pgvector,casino-153#0,strategy-non-strategic,3,strategy-small-talk,0.19361,0.131305
strategy,pgvector,casino-153#3,strategy-elicit-pref,6,strategy-no-need,0.403652,0.182816
strategy,pgvector,casino-153#6,strategy-non-strategic,,casino-casino-204,0.555367,
strategy,pgvector,casino-153#8,strategy-non-strategic,,casino-casino-300,0.447884,
strategy,pgvector,casino-153#10,strategy-non-strategic,,casino-casino-204,0.508783,
strategy,pgvector,casino-153#12,strategy-non-strategic,,casino-casino-204,0.491198,
strategy,pgvector,casino-179#0,strategy-small-talk,1,strategy-small-talk,0.141464,0.141464
strategy,pgvector,casino-179#2,strategy-small-talk,1,strategy-small-talk,0.296607,0.296607
strategy,pgvector,casino-179#8,strategy-self-need,1,strategy-self-need,0.1626,0.1626
strategy,pgvector,casino-179#10,strategy-non-strategic,,strategy-self-need,0.437663,
strategy,pgvector,casino-179#14,strategy-vouch-fair,,casino-casino-725,0.177441,
strategy,pgvector,casino-29#1,strategy-small-talk,1,strategy-small-talk,0.162032,0.162032
strategy,pgvector,casino-29#7,strategy-promote-coordination,2,strategy-no-need,0.308268,0.281189
strategy,pgvector,casino-29#8,strategy-non-strategic,,casino-casino-204,0.51262,
strategy,pgvector,casino-3#0,strategy-self-need,,casino-casino-300,0.201063,
strategy,pgvector,casino-3#3,strategy-promote-coordination,,strategy-vouch-fair,0.300622,
strategy,pgvector,casino-3#5,strategy-self-need,1,strategy-self-need,0.224874,0.224874
strategy,pgvector,casino-3#7,strategy-small-talk,,casino-casino-669,0.160442,
strategy,pgvector,casino-3#9,strategy-small-talk,,casino-casino-114,0.086742,
strategy,pgvector,casino-34#1,strategy-non-strategic,3,strategy-small-talk,0.19361,0.131305
strategy,pgvector,casino-34#2,strategy-non-strategic,9,strategy-small-talk,0.192261,0.160248
strategy,pgvector,casino-34#4,strategy-non-strategic,,casino-casino-247,0.234419,
strategy,pgvector,casino-34#10,strategy-non-strategic,,casino-casino-204,0.518681,
strategy,pgvector,casino-34#12,strategy-non-strategic,,casino-casino-261,0.118167,
strategy,pgvector,casino-415#1,strategy-non-strategic,,casino-casino-204,0.433358,
strategy,pgvector,casino-415#5,strategy-non-strategic,,casino-casino-247,0.436718,
strategy,pgvector,casino-415#7,strategy-vouch-fair,,casino-casino-190,0.516,
strategy,pgvector,casino-415#10,strategy-non-strategic,,casino-casino-476,0.590277,
strategy,pgvector,casino-415#11,strategy-non-strategic,,casino-casino-665,0.202084,
strategy,pgvector,casino-424#1,strategy-small-talk,1,strategy-small-talk,0.201524,0.201524
strategy,pgvector,casino-424#3,strategy-elicit-pref,,strategy-small-talk,0.281576,
strategy,pgvector,casino-424#5,strategy-promote-coordination,,casino-casino-190,0.434707,
strategy,pgvector,casino-424#7,strategy-non-strategic,,casino-casino-310,0.424953,
strategy,pgvector,casino-424#9,strategy-non-strategic,,casino-casino-174,0.473102,
strategy,pgvector,casino-424#11,strategy-elicit-pref,,casino-casino-190,0.344593,
strategy,pgvector,casino-424#13,strategy-vouch-fair,,casino-casino-190,0.363219,
strategy,pgvector,casino-426#1,strategy-self-need,,casino-casino-190,0.441848,
strategy,pgvector,casino-426#7,strategy-small-talk,1,strategy-small-talk,0.07254,0.07254
strategy,pgvector,casino-426#10,strategy-promote-coordination,,casino-casino-190,0.452062,
strategy,pgvector,casino-426#14,strategy-vouch-fair,,casino-casino-204,0.48272,
strategy,pgvector,casino-426#16,strategy-non-strategic,7,strategy-other-need,0.087185,0.040835
strategy,pgvector,casino-434#2,strategy-small-talk,1,strategy-small-talk,0.140828,0.140828
strategy,pgvector,casino-434#3,strategy-no-need,2,strategy-self-need,0.456953,0.130841
strategy,pgvector,casino-434#5,strategy-non-strategic,,casino-casino-174,0.461542,
strategy,pgvector,casino-434#8,strategy-non-strategic,,casino-casino-190,0.329335,
strategy,pgvector,casino-434#10,strategy-non-strategic,,strategy-no-need,0.270418,
strategy,pgvector,casino-440#3,strategy-no-need,6,casino-casino-223,0.128232,0.121557
strategy,pgvector,casino-440#5,strategy-non-strategic,6,strategy-promote-coordination,0.18079,0.140668
strategy,pgvector,casino-440#7,strategy-non-strategic,6,strategy-no-need,0.23406,0.100015
strategy,pgvector,casino-440#8,strategy-small-talk,,casino-casino-310,0.318927,
strategy,pgvector,casino-447#0,strategy-elicit-pref,,strategy-no-need,0.328361,
strategy,pgvector,casino-447#2,strategy-elicit-pref,,strategy-no-need,0.333131,
strategy,pgvector,casino-447#5,strategy-non-strategic,,casino-casino-190,0.318888,
strategy,pgvector,casino-447#7,strategy-non-strategic,,strategy-self-need,0.30626,
strategy,pgvector,casino-447#9,strategy-vouch-fair,,strategy-no-need,0.25534,
strategy,pgvector,casino-447#11,strategy-small-talk,,casino-casino-83,0.087317,
strategy,pgvector,casino-447#12,strategy-small-talk,,strategy-promote-coordination,0.051321,
strategy,pgvector,casino-454#1,strategy-elicit-pref,,strategy-no-need,0.254151,
strategy,pgvector,casino-454#4,strategy-non-strategic,,strategy-self-need,0.17727,
strategy,pgvector,casino-454#6,strategy-non-strategic,,casino-casino-190,0.309742,
strategy,pgvector,casino-454#8,strategy-non-strategic,2,casino-casino-83,0.195151,0.191504
strategy,pgvector,casino-468#0,strategy-non-strategic,,casino-casino-247,0.437987,
strategy,pgvector,casino-468#2,strategy-other-need,,strategy-self-need,0.389629,
strategy,pgvector,casino-468#4,strategy-showing-empathy,,strategy-self-need,0.48754,
strategy,pgvector,casino-468#6,strategy-vouch-fair,,casino-casino-55,0.354012,
strategy,pgvector,casino-468#8,strategy-non-strategic,,casino-casino-247,0.482642,
strategy,pgvector,casino-468#10,strategy-non-strategic,,casino-casino-247,0.138756,
strategy,pgvector,casino-469#0,strategy-promote-coordination,1,strategy-promote-coordination,0.419568,0.419568
strategy,pgvector,casino-469#2,strategy-non-strategic,,casino-casino-174,0.465171,
strategy,pgvector,casino-469#4,strategy-elicit-pref,,strategy-small-talk,0.20587,
strategy,pgvector,casino-469#5,strategy-self-need,,strategy-small-talk,0.206271,
strategy,pgvector,casino-469#7,strategy-non-strategic,,casino-casino-664,0.073084,
strategy,pgvector,casino-469#9,strategy-non-strategic,,casino-casino-300,0.465355,
strategy,pgvector,casino-473#0,strategy-promote-coordination,,casino-casino-206,0.298896,
strategy,pgvector,casino-473#2,strategy-other-need,,strategy-self-need,0.42466,
strategy,pgvector,casino-473#4,strategy-promote-coordination,,casino-casino-204,0.408232,
strategy,pgvector,casino-473#6,strategy-non-strategic,,casino-casino-174,0.450491,
strategy,pgvector,casino-473#9,strategy-promote-coordination,1,strategy-promote-coordination,0.253034,0.253034
strategy,pgvector,casino-473#10,strategy-non-strategic,,casino-casino-273,0.127928,
strategy,pgvector,casino-49#2,strategy-non-strategic,,casino-casino-310,0.332481,
strategy,pgvector,casino-49#4,strategy-self-need,1,strategy-self-need,0.310831,0.310831
strategy,pgvector,casino-49#7,strategy-small-talk,6,strategy-other-need,0.178209,0.082805
strategy,pgvector,casino-49#9,strategy-non-strategic,,casino-casino-114,0.185903,
strategy,pgvector,casino-49#11,strategy-non-strategic,,casino-casino-273,0.194521,
strategy,pgvector,casino-49#13,strategy-small-talk,,casino-casino-114,0.105974,
strategy,pgvector,casino-50#0,strategy-non-strategic,1,strategy-non-strategic,0.335779,0.335779
strategy,pgvector,casino-50#2,strategy-promote-coordination,,casino-casino-174,0.463975,
strategy,pgvector,casino-50#4,strategy-non-strategic,,strategy-no-need,0.329139,
strategy,pgvector,casino-50#6,strategy-non-strategic,,casino-casino-666,0.281631,
strategy,pgvector,casino-50#8,strategy-non-strategic,,casino-casino-174,0.433214,
strategy,pgvector,casino-501#0,strategy-small-talk,1,strategy-small-talk,0.152867,0.152867
strategy,pgvector,casino-501#2,strategy-small-talk,1,strategy-small-talk,0.312958,0.312958
strategy,pgvector,casino-501#3,strategy-elicit-pref,,strategy-no-need,0.234673,
strategy,pgvector,casino-501#5,strategy-non-strategic,,strategy-no-need,0.270565,
strategy,pgvector,casino-501#7,strategy-elicit-pref,,strategy-no-need,0.420168,
strategy,pgvector,casino-51#0,strategy-small-talk,1,strategy-small-talk,0.112017,0.112017
strategy,pgvector,casino-51#2,strategy-small-talk,1,strategy-small-talk,0.154382,0.154382
strategy,pgvector,casino-51#4,strategy-small-talk,,strategy-uv-part,0.122556,
strategy,pgvector,casino-51#7,strategy-no-need,,casino-casino-174,0.310114,
strategy,pgvector,casino-51#10,strategy-showing-empathy,,casino-casino-190,0.528673,
strategy,pgvector,casino-513#3,strategy-non-strategic,,casino-casino-174,0.430041,
strategy,pgvector,casino-513#7,strategy-vouch-fair,,casino-casino-604,0.507258,
strategy,pgvector,casino-513#9,strategy-non-strategic,,casino-casino-174,0.465381,
strategy,pgvector,casino-519#1,strategy-elicit-pref,,casino-casino-114,0.274957,
strategy,pgvector,casino-519#5,strategy-small-talk,,strategy-self-need,0.380042,
strategy,pgvector,casino-519#8,strategy-non-strategic,,casino-casino-204,0.518327,
strategy,pgvector,casino-519#9,strategy-vouch-fair,,casino-casino-275,0.240168,
strategy,pgvector,casino-52#1,strategy-small-talk,1,strategy-small-talk,0.178177,0.178177
strategy,pgvector,casino-52#3,strategy-small-talk,1,strategy-small-talk,0.120549,0.120549
strategy,pgvector,casino-52#6,strategy-self-need,,casino-casino-204,0.309005,
strategy,pgvector,casino-52#8,strategy-self-need,,casino-casino-174,0.443417,
strategy,pgvector,casino-532#0,strategy-small-talk,1,strategy-small-talk,0.182912,0.182912
strategy,pgvector,casino-532#2,strategy-small-talk,1,strategy-small-talk,0.197501,0.197501
strategy,pgvector,casino-532#3,strategy-small-talk,2,strategy-no-need,0.320159,0.284864
strategy,pgvector,casino-532#8,strategy-non-strategic,,casino-casino-204,0.430619,
strategy,pgvector,casino-532#10,strategy-non-strategic,,casino-casino-174,0.493088,
strategy,pgvector,casino-532#12,strategy-small-talk,1,strategy-small-talk,0.151034,0.151034
strategy,pgvector,casino-534#4,strategy-non-strategic,,casino-casino-300,0.245782,
strategy,pgvector,casino-534#6,strategy-non-strategic,,casino-casino-174,0.415301,
strategy,pgvector,casino-534#8,strategy-small-talk,1,strategy-small-talk,0.096946,0.096946
strategy,pgvector,casino-534#9,strategy-small-talk,,casino-casino-669,0.058391,
strategy,pgvector,casino-540#2,strategy-self-need,1,strategy-self-need,0.375266,0.375266
strategy,pgvector,casino-540#6,strategy-small-talk,,strategy-self-need,0.356101,
strategy,pgvector,casino-540#8,strategy-non-strategic,8,strategy-small-talk,0.191861,0.065451
strategy,pgvector,casino-542#0,strategy-elicit-pref,,strategy-no-need,0.381231,
strategy,pgvector,casino-542#2,strategy-showing-empathy,,strategy-no-need,0.271842,
strategy,pgvector,casino-542#6,strategy-elicit-pref,,strategy-self-need,0.536744,
strategy,pgvector,casino-542#8,strategy-non-strategic,,casino-casino-174,0.522513,
strategy,pgvector,casino-542#9,strategy-small-talk,,strategy-self-need,0.337603,
strategy,pgvector,casino-558#3,strategy-non-strategic,,casino-casino-190,0.393403,
strategy,pgvector,casino-558#5,strategy-other-need,1,strategy-other-need,0.221964,0.221964
strategy,pgvector,casino-558#8,strategy-non-strategic,,casino-casino-190,0.354508,
strategy,pgvector,casino-574#0,strategy-non-strategic,2,strategy-small-talk,0.206689,0.152315
strategy,pgvector,casino-574#2,strategy-small-talk,2,strategy-self-need,0.161109,0.131486
strategy,pgvector,casino-574#4,strategy-small-talk,,casino-casino-310,0.179007,
strategy,pgvector,casino-574#5,strategy-small-talk,2,casino-casino-802,0.214454,0.213842
strategy,pgvector,casino-574#7,strategy-small-talk,1,strategy-small-talk,0.146165,0.146165
strategy,pgvector,casino-574#10,strategy-promote-coordination,1,strategy-promote-coordination,0.419145,0.419145
strategy,pgvector,casino-58#1,strategy-non-strategic,,casino-casino-190,0.353149,
strategy,pgvector,casino-58#3,strategy-vouch-fair,1,strategy-vouch-fair,0.358604,0.358604
strategy,pgvector,casino-58#5,strategy-non-strategic,,casino-casino-174,0.484434,
strategy,pgvector,casino-58#7,strategy-vouch-fair,,casino-casino-174,0.429796,
strategy,pgvector,casino-58#8,strategy-uv-part,,casino-casino-174,0.380291,
strategy,pgvector,casino-589#0,strategy-small-talk,1,strategy-small-talk,0.118189,0.118189
strategy,pgvector,casino-589#4,strategy-self-need,,casino-casino-190,0.345868,
strategy,pgvector,casino-589#6,strategy-promote-coordination,,casino-casino-190,0.464973,
strategy,pgvector,casino-589#8,strategy-small-talk,,casino-casino-190,0.231502,
strategy,pgvector,casino-589#10,strategy-small-talk,5,strategy-promote-coordination,0.346128,0.272665
strategy,pgvector,casino-6#1,strategy-small-talk,1,strategy-small-talk,0.130219,0.130219
strategy,pgvector,casino-6#2,strategy-elicit-pref,2,strategy-no-need,0.424235,0.293936
strategy,pgvector,casino-6#4,strategy-non-strategic,,strategy-no-need,0.392982,
strategy,pgvector,casino-6#7,strategy-elicit-pref,,strategy-self-need,0.34983,
strategy,pgvector,casino-6#9,strategy-non-strategic,,strategy-self-need,0.371124,
strategy,pgvector,casino-602#1,strategy-small-talk,1,strategy-small-talk,0.113533,0.113533
strategy,pgvector,casino-602#4,strategy-elicit-pref,,casino-casino-453,0.132079,
strategy,pgvector,casino-602#10,strategy-self-need,,casino-casino-190,0.402011,
strategy,pgvector,casino-603#0,strategy-small-talk,,casino-casino-310,0.197292,
strategy,pgvector,casino-603#2,strategy-small-talk,1,strategy-small-talk,0.137268,0.137268
strategy,pgvector,casino-603#4,strategy-small-talk,,casino-casino-300,0.256158,
strategy,pgvector,casino-603#6,strategy-small-talk,1,strategy-small-talk,0.303565,0.303565
strategy,pgvector,casino-603#8,strategy-small-talk,,casino-casino-204,0.472298,
strategy,pgvector,casino-603#15,strategy-small-talk,1,strategy-small-talk,0.218555,0.218555
strategy,pgvector,casino-61#0,strategy-small-talk,1,strategy-small-talk,0.255194,0.255194
strategy,pgvector,casino-61#1,strategy-small-talk,1,strategy-small-talk,0.26906,0.26906
strategy,pgvector,casino-61#4,strategy-self-need,1,strategy-self-need,0.102012,0.102012
strategy,pgvector,casino-61#7,strategy-non-strategic,,casino-casino-83,0.071321,
strategy,pgvector,casino-61#9,strategy-non-strategic,,strategy-self-need,0.261704,
strategy,pgvector,casino-61#12,strategy-self-need,1,strategy-self-need,0.375366,0.375366
strategy,pgvector,casino-61#16,strategy-non-strategic,,casino-casino-190,0.375218,
strategy,pgvector,casino-61#22,strategy-non-strategic,,casino-casino-8,0.185697,
strategy,pgvector,casino-86#2,strategy-promote-coordination,,casino-casino-190,0.420543,
strategy,pgvector,casino-86#6,strategy-non-strategic,,strategy-self-need,0.357097,
strategy,pgvector,casino-86#8,strategy-non-strategic,,casino-casino-174,0.488673,
strategy,pgvector,casino-88#0,strategy-small-talk,1,strategy-small-talk,0.254082,0.254082
strategy,pgvector,casino-88#3,strategy-vouch-fair,,strategy-self-need,0.388846,
strategy,pgvector,casino-88#7,strategy-non-strategic,,casino-casino-174,0.391104,
strategy,pgvector,casino-88#10,strategy-uv-part,,strategy-self-need,0.355223,
strategy,graph,casino-101#0,strategy-elicit-pref,,,,
strategy,graph,casino-101#1,strategy-non-strategic,,casino-casino-0,0.6,
strategy,graph,casino-101#6,strategy-self-need,,casino-casino-104,0.6,
strategy,graph,casino-101#8,strategy-elicit-pref,,casino-casino-10,0.6,
strategy,graph,casino-106#0,strategy-small-talk,,,,
strategy,graph,casino-106#3,strategy-elicit-pref,,,,
strategy,graph,casino-106#7,strategy-non-strategic,,casino-casino-0,0.6,
strategy,graph,casino-106#9,strategy-non-strategic,,,,
strategy,graph,casino-115#0,strategy-self-need,,casino-casino-104,0.6,
strategy,graph,casino-115#2,strategy-vouch-fair,,casino-casino-415,0.6,
strategy,graph,casino-115#4,strategy-non-strategic,,,,
strategy,graph,casino-115#6,strategy-non-strategic,,casino-casino-0,0.6,
strategy,graph,casino-115#8,strategy-elicit-pref,,casino-casino-10,0.6,
strategy,graph,casino-133#0,strategy-non-strategic,,casino-casino-0,0.6,
strategy,graph,casino-133#2,strategy-self-need,,casino-casino-104,0.6,
strategy,graph,casino-133#4,strategy-showing-empathy,,casino-casino-0,0.6,
strategy,graph,casino-133#7,strategy-showing-empathy,,casino-casino-1,0.6,
strategy,graph,casino-133#9,strategy-no-need,,casino-casino-111,0.6,
strategy,graph,casino-133#11,strategy-promote-coordination,,casino-casino-1011,0.6,
strategy,graph,casino-133#13,strategy-non-strategic,,,,
strategy,graph,casino-133#15,strategy-non-strategic,,casino-casino-0,0.6,
strategy,graph,casino-133#17,strategy-non-strategic,,casino-casino-0,0.6,
strategy,graph,casino-133#18,strategy-non-strategic,,,,
strategy,graph,casino-153#0,strategy-non-strategic,,,,
strategy,graph,casino-153#3,strategy-elicit-pref,,,,
strategy,graph,casino-153#6,strategy-non-strategic,,casino-casino-0,0.6,
strategy,graph,casino-153#8,strategy-non-strategic,,casino-casino-0,0.6,
strategy,graph,casino-153#10,strategy-non-strategic,,casino-casino-0,0.6,
strategy,graph,casino-153#12,strategy-non-strategic,,casino-casino-0,0.6,
strategy,graph,casino-179#0,strategy-small-talk,,,,
strategy,graph,casino-179#2,strategy-small-talk,,,,
strategy,graph,casino-179#8,strategy-self-need,,,,
strategy,graph,casino-179#10,strategy-non-strategic,,casino-casino-1,0.6,
strategy,graph,casino-179#14,strategy-vouch-fair,,casino-casino-415,0.6,
strategy,graph,casino-29#1,strategy-small-talk,,,,
strategy,graph,casino-29#7,strategy-promote-coordination,,,,
strategy,graph,casino-29#8,strategy-non-strategic,,casino-casino-0,0.6,
strategy,graph,casino-3#0,strategy-self-need,,casino-casino-1,0.6,
strategy,graph,casino-3#3,strategy-promote-coordination,,casino-casino-10,0.6,
strategy,graph,casino-3#5,strategy-self-need,,casino-casino-10,0.6,
strategy,graph,casino-3#7,strategy-small-talk,,,,
strategy,graph,casino-3#9,strategy-small-talk,,,,
strategy,graph,casino-34#1,strategy-non-strategic,,,,
strategy,graph,casino-34#2,strategy-non-strategic,,casino-casino-100,0.6,
strategy,graph,casino-34#4,strategy-non-strategic,,,,
strategy,graph,casino-34#10,strategy-non-strategic,,casino-casino-1005,0.6,
strategy,graph,casino-34#12,strategy-non-strategic,,,,
strategy,graph,casino-415#1,strategy-non-strategic,,casino-casino-0,0.6,
strategy,graph,casino-415#5,strategy-non-strategic,,casino-casino-0,0.6,
strategy,graph,casino-415#7,strategy-vouch-fair,,casino-casino-0,0.6,
strategy,graph,casino-415#10,strategy-non-strategic,,casino-casino-0,0.6,
strategy,graph,casino-415#11,strategy-non-strategic,,,,
strategy,graph,casino-424#1,strategy-small-talk,,,,
strategy,graph,casino-424#3,strategy-elicit-pref,,,,
strategy,graph,casino-424#5,strategy-promote-coordination,,casino-casino-0,0.6,
strategy,graph,casino-424#7,strategy-non-strategic,,casino-casino-0,0.6,
strategy,graph,casino-424#9,strategy-non-strategic,,casino-casino-0,0.6,
strategy,graph,casino-424#11,strategy-elicit-pref,,casino-casino-0,0.6,
strategy,graph,casino-424#13,strategy-vouch-fair,,casino-casino-104,0.6,
strategy,graph,casino-426#1,strategy-self-need,,casino-casino-0,0.6,
strategy,graph,casino-426#7,strategy-small-talk,,,,
strategy,graph,casino-426#10,strategy-promote-coordination,,casino-casino-1005,0.6,
strategy,graph,casino-426#14,strategy-vouch-fair,,casino-casino-0,0.6,
strategy,graph,casino-426#16,strategy-non-strategic,,,,
strategy,graph,casino-434#2,strategy-small-talk,,casino-casino-0,0.6,
strategy,graph,casino-434#3,strategy-no-need,,casino-casino-81,0.6,
strategy,graph,casino-434#5,strategy-non-strategic,,casino-casino-0,0.6,
strategy,graph,casino-434#8,strategy-non-strategic,,casino-casino-426,0.6,
strategy,graph,casino-434#10,strategy-non-strategic,,,,
strategy,graph,casino-440#3,strategy-no-need,,,,
strategy,graph,casino-440#5,strategy-non-strategic,,,,
strategy,graph,casino-440#7,strategy-non-strategic,,casino-casino-1005,0.6,
strategy,graph,casino-440#8,strategy-small-talk,,,,
strategy,graph,casino-447#0,strategy-elicit-pref,,casino-casino-103,0.6,
strategy,graph,casino-447#2,strategy-elicit-pref,,casino-casino-103,0.6,
strategy,graph,casino-447#5,strategy-non-strategic,,casino-casino-104,0.6,
strategy,graph,casino-447#7,strategy-non-strategic,,casino-casino-1,0.6,
strategy,graph,casino-447#9,strategy-vouch-fair,,,,
strategy,graph,casino-447#11,strategy-small-talk,,,,
strategy,graph,casino-447#12,strategy-small-talk,,,,
strategy,graph,casino-454#1,strategy-elicit-pref,,,,
strategy,graph,casino-454#4,strategy-non-strategic,,casino-casino-1,0.6,
strategy,graph,casino-454#6,strategy-non-strategic,,casino-casino-0,0.6,
strategy,graph,casino-454#8,strategy-non-strategic,,,,
strategy,graph,casino-468#0,strategy-non-strategic,,casino-casino-0,0.6,
strategy,graph,casino-468#2,strategy-other-need,,casino-casino-1,0.6,
strategy,graph,casino-468#4,strategy-showing-empathy,,casino-casino-10,0.6,
strategy,graph,casino-468#6,strategy-vouch-fair,,casino-casino-467,0.6,
strategy,graph,casino-468#8,strategy-non-strategic,,casino-casino-0,0.6,
strategy,graph,casino-468#10,strategy-non-strategic,,,,
strategy,graph,casino-469#0,strategy-promote-coordination,,,,
strategy,graph,casino-469#2,strategy-non-strategic,,casino-casino-0,0.6,
strategy,graph,casino-469#4,strategy-elicit-pref,,casino-casino-1,0.6,
strategy,graph,casino-469#5,strategy-self-need,,,,
strategy,graph,casino-469#7,strategy-non-strategic,,,,
strategy,graph,casino-469#9,strategy-non-strategic,,casino-casino-0,0.6,
strategy,graph,casino-473#0,strategy-promote-coordination,,,,
strategy,graph,casino-473#2,strategy-other-need,,casino-casino-10,0.6,
strategy,graph,casino-473#4,strategy-promote-coordination,,casino-casino-0,0.6,
strategy,graph,casino-473#6,strategy-non-strategic,,casino-casino-0,0.6,
strategy,graph,casino-473#9,strategy-promote-coordination,,,,
strategy,graph,casino-473#10,strategy-non-strategic,,,,
strategy,graph,casino-49#2,strategy-non-strategic,,casino-casino-0,0.6,
strategy,graph,casino-49#4,strategy-self-need,,casino-casino-10,0.6,
strategy,graph,casino-49#7,strategy-small-talk,,,,
strategy,graph,casino-49#9,strategy-non-strategic,,,,
strategy,graph,casino-49#11,strategy-non-strategic,,,,
strategy,graph,casino-49#13,strategy-small-talk,,,,
strategy,graph,casino-50#0,strategy-non-strategic,,,,
strategy,graph,casino-50#2,strategy-promote-coordination,,casino-casino-0,0.6,
strategy,graph,casino-50#4,strategy-non-strategic,,,,
strategy,graph,casino-50#6,strategy-non-strategic,,,,
strategy,graph,casino-50#8,strategy-non-strategic,,casino-casino-0,0.6,
strategy,graph,casino-501#0,strategy-small-talk,,,,
strategy,graph,casino-501#2,strategy-small-talk,,casino-casino-142,0.6,
strategy,graph,casino-501#3,strategy-elicit-pref,,,,
strategy,graph,casino-501#5,strategy-non-strategic,,,,
strategy,graph,casino-501#7,strategy-elicit-pref,,,,
strategy,graph,casino-51#0,strategy-small-talk,,,,
strategy,graph,casino-51#2,strategy-small-talk,,,,
strategy,graph,casino-51#4,strategy-small-talk,,,,
strategy,graph,casino-51#7,strategy-no-need,,casino-casino-1,0.6,
strategy,graph,casino-51#10,strategy-showing-empathy,,casino-casino-0,0.6,
strategy,graph,casino-513#3,strategy-non-strategic,,casino-casino-0,0.6,
strategy,graph,casino-513#7,strategy-vouch-fair,,casino-casino-0,0.6,
strategy,graph,casino-513#9,strategy-non-strategic,,casino-casino-59,0.6,
strategy,graph,casino-519#1,strategy-elicit-pref,,,,
strategy,graph,casino-519#5,strategy-small-talk,,casino-casino-1,0.6,
strategy,graph,casino-519#8,strategy-non-strategic,,casino-casino-0,0.6,
strategy,graph,casino-519#9,strategy-vouch-fair,,casino-casino-415,0.6,
strategy,graph,casino-52#1,strategy-small-talk,,,,
strategy,graph,casino-52#3,strategy-small-talk,,,,
strategy,graph,casino-52#6,strategy-self-need,,casino-casino-0,0.6,
strategy,graph,casino-52#8,strategy-self-need,,casino-casino-0,0.6,
strategy,graph,casino-532#0,strategy-small-talk,,,,
strategy,graph,casino-532#2,strategy-small-talk,,,,
strategy,graph,casino-532#3,strategy-small-talk,,,,
strategy,graph,casino-532#8,strategy-non-strategic,,casino-casino-0,0.6,
strategy,graph,casino-532#10,strategy-non-strategic,,casino-casino-0,0.6,
strategy,graph,casino-532#12,strategy-small-talk,,,,
strategy,graph,casino-534#4,strategy-non-strategic,,casino-casino-10,0.6,
strategy,graph,casino-534#6,strategy-non-strategic,,casino-casino-0,0.6,
strategy,graph,casino-534#8,strategy-small-talk,,,,
strategy,graph,casino-534#9,strategy-small-talk,,,,
strategy,graph,casino-540#2,strategy-self-need,,casino-casino-10,0.6,
strategy,graph,casino-540#6,strategy-small-talk,,casino-casino-10,0.6,
strategy,graph,casino-540#8,strategy-non-strategic,,casino-casino-142,0.6,
strategy,graph,casino-542#0,strategy-elicit-pref,,,,
strategy,graph,casino-542#2,strategy-showing-empathy,,casino-casino-1,0.6,
strategy,graph,casino-542#6,strategy-elicit-pref,,casino-casino-41,0.6,
strategy,graph,casino-542#8,strategy-non-strategic,,casino-casino-0,0.6,
strategy,graph,casino-542#9,strategy-small-talk,,casino-casino-10,0.6,
strategy,graph,casino-558#3,strategy-non-strategic,,casino-casino-104,0.6,
strategy,graph,casino-558#5,strategy-other-need,,casino-casino-100,0.6,
strategy,graph,casino-558#8,strategy-non-strategic,,casino-casino-111,0.6,
strategy,graph,casino-574#0,strategy-non-strategic,,,,
strategy,graph,casino-574#2,strategy-small-talk,,,,
strategy,graph,casino-574#4,strategy-small-talk,,,,
strategy,graph,casino-574#5,strategy-small-talk,,,,
strategy,graph,casino-574#7,strategy-small-talk,,,,
strategy,graph,casino-574#10,strategy-promote-coordination,,,,
strategy,graph,casino-58#1,strategy-non-strategic,,casino-casino-0,0.6,
strategy,graph,casino-58#3,strategy-vouch-fair,,casino-casino-429,0.6,
strategy,graph,casino-58#5,strategy-non-strategic,,casino-casino-0,0.6,
strategy,graph,casino-58#7,strategy-vouch-fair,,casino-casino-0,0.6,
strategy,graph,casino-58#8,strategy-uv-part,,casino-casino-0,0.6,
strategy,graph,casino-589#0,strategy-small-talk,,,,
strategy,graph,casino-589#4,strategy-self-need,,casino-casino-0,0.6,
strategy,graph,casino-589#6,strategy-promote-coordination,,casino-casino-0,0.6,
strategy,graph,casino-589#8,strategy-small-talk,,casino-casino-0,0.6,
strategy,graph,casino-589#10,strategy-small-talk,,,,
strategy,graph,casino-6#1,strategy-small-talk,,,,
strategy,graph,casino-6#2,strategy-elicit-pref,,casino-casino-1,0.6,
strategy,graph,casino-6#4,strategy-non-strategic,,,,
strategy,graph,casino-6#7,strategy-elicit-pref,,casino-casino-41,0.6,
strategy,graph,casino-6#9,strategy-non-strategic,,casino-casino-10,0.6,
strategy,graph,casino-602#1,strategy-small-talk,,,,
strategy,graph,casino-602#4,strategy-elicit-pref,,,,
strategy,graph,casino-602#10,strategy-self-need,,casino-casino-104,0.6,
strategy,graph,casino-603#0,strategy-small-talk,,,,
strategy,graph,casino-603#2,strategy-small-talk,,,,
strategy,graph,casino-603#4,strategy-small-talk,,casino-casino-1,0.6,
strategy,graph,casino-603#6,strategy-small-talk,,,,
strategy,graph,casino-603#8,strategy-small-talk,,casino-casino-0,0.6,
strategy,graph,casino-603#15,strategy-small-talk,,,,
strategy,graph,casino-61#0,strategy-small-talk,,,,
strategy,graph,casino-61#1,strategy-small-talk,,,,
strategy,graph,casino-61#4,strategy-self-need,,,,
strategy,graph,casino-61#7,strategy-non-strategic,,,,
strategy,graph,casino-61#9,strategy-non-strategic,,casino-casino-1,0.6,
strategy,graph,casino-61#12,strategy-self-need,,casino-casino-10,0.6,
strategy,graph,casino-61#16,strategy-non-strategic,,casino-casino-0,0.6,
strategy,graph,casino-61#22,strategy-non-strategic,,,,
strategy,graph,casino-86#2,strategy-promote-coordination,,casino-casino-1005,0.6,
strategy,graph,casino-86#6,strategy-non-strategic,,casino-casino-10,0.6,
strategy,graph,casino-86#8,strategy-non-strategic,,casino-casino-0,0.6,
strategy,graph,casino-88#0,strategy-small-talk,,,,
strategy,graph,casino-88#3,strategy-vouch-fair,,casino-casino-415,0.6,
strategy,graph,casino-88#7,strategy-non-strategic,,casino-casino-0,0.6,
strategy,graph,casino-88#10,strategy-uv-part,,casino-casino-10,0.6,
strategy,hybrid,casino-101#0,strategy-elicit-pref,4,strategy-non-strategic,0.4,0.174877
strategy,hybrid,casino-101#1,strategy-non-strategic,,casino-casino-0,0.6,
strategy,hybrid,casino-101#6,strategy-self-need,,casino-casino-104,0.6,
strategy,hybrid,casino-101#8,strategy-elicit-pref,,casino-casino-10,0.6,
strategy,hybrid,casino-106#0,strategy-small-talk,1,strategy-small-talk,0.4,0.4
strategy,hybrid,casino-106#3,strategy-elicit-pref,,strategy-self-need,0.4,
strategy,hybrid,casino-106#7,strategy-non-strategic,,casino-casino-1015,0.75041,
strategy,hybrid,casino-106#9,strategy-non-strategic,,strategy-no-need,0.4,
strategy,hybrid,casino-115#0,strategy-self-need,,casino-casino-104,0.6,
strategy,hybrid,casino-115#2,strategy-vouch-fair,8,casino-casino-415,0.6,0.552143
strategy,hybrid,casino-115#4,strategy-non-strategic,,casino-casino-83,0.4,
strategy,hybrid,casino-115#6,strategy-non-strategic,,casino-casino-0,0.6,
strategy,hybrid,casino-115#8,strategy-elicit-pref,,casino-casino-10,0.6,
strategy,hybrid,casino-133#0,strategy-non-strategic,,casino-casino-0,0.6,
strategy,hybrid,casino-133#2,strategy-self-need,,casino-casino-55,0.679592,
strategy,hybrid,casino-133#4,strategy-showing-empathy,,casino-casino-119,0.618818,
strategy,hybrid,casino-133#7,strategy-showing-empathy,,casino-casino-1,0.6,
strategy,hybrid,casino-133#9,strategy-no-need,,casino-casino-111,0.6,
strategy,hybrid,casino-133#11,strategy-promote-coordination,,casino-casino-1011,0.6,
strategy,hybrid,casino-133#13,strategy-non-strategic,,casino-casino-275,0.4,
strategy,hybrid,casino-133#15,strategy-non-strategic,,casino-casino-119,0.622514,
strategy,hybrid,casino-133#17,strategy-non-strategic,,casino-casino-1015,0.660972,
strategy,hybrid,casino-133#18,strategy-non-strategic,,strategy-promote-coordination,0.4,
strategy,hybrid,casino-153#0,strategy-non-strategic,3,strategy-small-talk,0.4,0.160168
strategy,hybrid,casino-153#3,strategy-elicit-pref,6,strategy-no-need,0.4,0.019539
strategy,hybrid,casino-153#6,strategy-non-strategic,,casino-casino-1015,0.693434,
strategy,hybrid,casino-153#8,strategy-non-strategic,,casino-casino-1002,0.609194,
strategy,hybrid,casino-153#10,strategy-non-strategic,,casino-casino-0,0.6,
strategy,hybrid,casino-153#12,strategy-non-strategic,,casino-casino-1015,0.664501,
strategy,hybrid,casino-179#0,strategy-small-talk,1,strategy-small-talk,0.4,0.4
strategy,hybrid,casino-179#2,strategy-small-talk,1,strategy-small-talk,0.4,0.4
strategy,hybrid,casino-179#8,strategy-self-need,1,strategy-self-need,0.4,0.4
strategy,hybrid,casino-179#10,strategy-non-strategic,,casino-casino-1,0.6,
strategy,hybrid,casino-179#14,strategy-vouch-fair,,casino-casino-415,0.6,
strategy,hybrid,casino-29#1,strategy-small-talk,1,strategy-small-talk,0.4,0.4
strategy,hybrid,casino-29#7,strategy-promote-coordination,2,strategy-no-need,0.4,0.318051
strategy,hybrid,casino-29#8,strategy-non-strategic,,casino-casino-1015,0.71295,
strategy,hybrid,casino-3#0,strategy-self-need,,casino-casino-249,0.636026,
strategy,hybrid,casino-3#3,strategy-promote-coordination,,casino-casino-1015,0.608162,
strategy,hybrid,casino-3#5,strategy-self-need,,casino-casino-10,0.6,
strategy,hybrid,casino-3#7,strategy-small-talk,,casino-casino-669,0.4,
strategy,hybrid,casino-3#9,strategy-small-talk,,casino-casino-114,0.4,
strategy,hybrid,casino-34#1,strategy-non-strategic,3,strategy-small-talk,0.4,0.160168
strategy,hybrid,casino-34#2,strategy-non-strategic,,casino-casino-114,0.81505,
strategy,hybrid,casino-34#4,strategy-non-strategic,,casino-casino-247,0.4,
strategy,hybrid,casino-34#10,strategy-non-strategic,,casino-casino-1005,0.6,
strategy,hybrid,casino-34#12,strategy-non-strategic,,casino-casino-261,0.4,
strategy,hybrid,casino-415#1,strategy-non-strategic,,casino-casino-1002,0.786089,
strategy,hybrid,casino-415#5,strategy-non-strategic,,casino-casino-1015,0.672888,
strategy,hybrid,casino-415#7,strategy-vouch-fair,,casino-casino-0,0.6,
strategy,hybrid,casino-415#10,strategy-non-strategic,,casino-casino-1002,0.608425,
strategy,hybrid,casino-415#11,strategy-non-strategic,,casino-casino-665,0.4,
strategy,hybrid,casino-424#1,strategy-small-talk,1,strategy-small-talk,0.4,0.4
strategy,hybrid,casino-424#3,strategy-elicit-pref,,strategy-small-talk,0.4,
strategy,hybrid,casino-424#5,strategy-promote-coordination,,casino-casino-119,0.610533,
strategy,hybrid,casino-424#7,strategy-non-strategic,,casino-casino-1015,0.665396,
strategy,hybrid,casino-424#9,strategy-non-strategic,,casino-casino-1015,0.662396,
strategy,hybrid,casino-424#11,strategy-elicit-pref,,casino-casino-0,0.6,
strategy,hybrid,casino-424#13,strategy-vouch-fair,,casino-casino-104,0.6,
strategy,hybrid,casino-426#1,strategy-self-need,,casino-casino-0,0.6,
strategy,hybrid,casino-426#7,strategy-small-talk,1,strategy-small-talk,0.4,0.4
strategy,hybrid,casino-426#10,strategy-promote-coordination,,casino-casino-1005,0.6,
strategy,hybrid,casino-426#14,strategy-vouch-fair,,casino-casino-1002,0.673206,
strategy,hybrid,casino-426#16,strategy-non-strategic,7,strategy-other-need,0.4,0.180557
strategy,hybrid,casino-434#2,strategy-small-talk,,casino-casino-0,0.6,
strategy,hybrid,casino-434#3,strategy-no-need,,casino-casino-81,0.6,
strategy,hybrid,casino-434#5,strategy-non-strategic,,casino-casino-1015,0.648722,
strategy,hybrid,casino-434#8,strategy-non-strategic,,casino-casino-426,0.6,
strategy,hybrid,casino-434#10,strategy-non-strategic,,strategy-no-need,0.4,
strategy,hybrid,casino-440#3,strategy-no-need,6,casino-casino-223,0.4,0.204647
strategy,hybrid,casino-440#5,strategy-non-strategic,6,strategy-promote-coordination,0.4,0.10965
strategy,hybrid,casino-440#7,strategy-non-strategic,,casino-casino-1005,0.6,
strategy,hybrid,casino-440#8,strategy-small-talk,,casino-casino-310,0.4,
strategy,hybrid,casino-447#0,strategy-elicit-pref,,casino-casino-103,0.688611,
strategy,hybrid,casino-447#2,strategy-elicit-pref,,casino-casino-103,0.633777,
strategy,hybrid,casino-447#5,strategy-non-strategic,,casino-casino-104,0.6,
strategy,hybrid,casino-447#7,strategy-non-strategic,,casino-casino-1,0.6,
strategy,hybrid,casino-447#9,strategy-vouch-fair,,strategy-no-need,0.4,
strategy,hybrid,casino-447#11,strategy-small-talk,,casino-casino-83,0.4,
strategy,hybrid,casino-447#12,strategy-small-talk,,strategy-promote-coordination,0.4,
strategy,hybrid,casino-454#1,strategy-elicit-pref,,strategy-no-need,0.4,
strategy,hybrid,casino-454#4,strategy-non-strategic,,casino-casino-1,0.6,
strategy,hybrid,casino-454#6,strategy-non-strategic,,casino-casino-0,0.6,
strategy,hybrid,casino-454#8,strategy-non-strategic,2,casino-casino-83,0.4,0.31215
strategy,hybrid,casino-468#0,strategy-non-strategic,,casino-casino-119,0.606888,
strategy,hybrid,casino-468#2,strategy-other-need,,casino-casino-1,0.6,
strategy,hybrid,casino-468#4,strategy-showing-empathy,,casino-casino-10,0.6,
strategy,hybrid,casino-468#6,strategy-vouch-fair,,casino-casino-467,0.6,
strategy,hybrid,casino-468#8,strategy-non-strategic,,casino-casino-1015,0.711416,
strategy,hybrid,casino-468#10,strategy-non-strategic,,casino-casino-247,0.4,
strategy,hybrid,casino-469#0,strategy-promote-coordination,1,strategy-promote-coordination,0.4,0.4
strategy,hybrid,casino-469#2,strategy-non-strategic,,casino-casino-1002,0.631166,
strategy,hybrid,casino-469#4,strategy-elicit-pref,,casino-casino-1,0.6,
strategy,hybrid,casino-469#5,strategy-self-need,,strategy-small-talk,0.4,
strategy,hybrid,casino-469#7,strategy-non-strategic,,casino-casino-664,0.4,
strategy,hybrid,casino-469#9,strategy-non-strategic,,casino-casino-1002,0.647559,
strategy,hybrid,casino-473#0,strategy-promote-coordination,,casino-casino-206,0.4,
strategy,hybrid,casino-473#2,strategy-other-need,,casino-casino-10,0.6,
strategy,hybrid,casino-473#4,strategy-promote-coordination,,casino-casino-0,0.6,
strategy,hybrid,casino-473#6,strategy-non-strategic,,casino-casino-1002,0.611282,
strategy,hybrid,casino-473#9,strategy-promote-coordination,1,strategy-promote-coordination,0.4,0.4
strategy,hybrid,casino-473#10,strategy-non-strategic,,casino-casino-273,0.4,
strategy,hybrid,casino-49#2,strategy-non-strategic,,casino-casino-0,0.6,
strategy,hybrid,casino-49#4,strategy-self-need,,casino-casino-26,0.600141,
strategy,hybrid,casino-49#7,strategy-small-talk,6,strategy-other-need,0.4,0.162364
strategy,hybrid,casino-49#9,strategy-non-strategic,,casino-casino-114,0.4,
strategy,hybrid,casino-49#11,strategy-non-strategic,,casino-casino-273,0.4,
strategy,hybrid,casino-49#13,strategy-small-talk,,casino-casino-114,0.4,
strategy,hybrid,casino-50#0,strategy-non-strategic,1,strategy-non-strategic,0.4,0.4
strategy,hybrid,casino-50#2,strategy-promote-coordination,,casino-casino-0,0.6,
strategy,hybrid,casino-50#4,strategy-non-strategic,,strategy-no-need,0.4,
strategy,hybrid,casino-50#6,strategy-non-strategic,,casino-casino-666,0.4,
strategy,hybrid,casino-50#8,strategy-non-strategic,,casino-casino-1002,0.640489,
strategy,hybrid,casino-501#0,strategy-small-talk,1,strategy-small-talk,0.4,0.4
strategy,hybrid,casino-501#2,strategy-small-talk,,casino-casino-142,0.6,
strategy,hybrid,casino-501#3,strategy-elicit-pref,,strategy-no-need,0.4,
strategy,hybrid,casino-501#5,strategy-non-strategic,,strategy-no-need,0.4,
strategy,hybrid,casino-501#7,strategy-elicit-pref,,strategy-no-need,0.4,
strategy,hybrid,casino-51#0,strategy-small-talk,1,strategy-small-talk,0.4,0.4
strategy,hybrid,casino-51#2,strategy-small-talk,1,strategy-small-talk,0.4,0.4
strategy,hybrid,casino-51#4,strategy-small-talk,,strategy-uv-part,0.4,
strategy,hybrid,casino-51#7,strategy-no-need,,casino-casino-190,0.834955,
strategy,hybrid,casino-51#10,strategy-showing-empathy,,casino-casino-119,0.752344,
strategy,hybrid,casino-513#3,strategy-non-strategic,,casino-casino-1015,0.619848,
strategy,hybrid,casino-513#7,strategy-vouch-fair,,casino-casino-1015,0.601641,
strategy,hybrid,casino-513#9,strategy-non-strategic,,casino-casino-59,0.6,
strategy,hybrid,casino-519#1,strategy-elicit-pref,,casino-casino-114,0.4,
strategy,hybrid,casino-519#5,strategy-small-talk,,casino-casino-1,0.6,
strategy,hybrid,casino-519#8,strategy-non-strategic,,casino-casino-1002,0.701329,
strategy,hybrid,casino-519#9,strategy-vouch-fair,,casino-casino-415,0.6,
strategy,hybrid,casino-52#1,strategy-small-talk,1,strategy-small-talk,0.4,0.4
strategy,hybrid,casino-52#3,strategy-small-talk,1,strategy-small-talk,0.4,0.4
strategy,hybrid,casino-52#6,strategy-self-need,,casino-casino-0,0.6,
strategy,hybrid,casino-52#8,strategy-self-need,,casino-casino-10,0.636984,
strategy,hybrid,casino-532#0,strategy-small-talk,1,strategy-small-talk,0.4,0.4
strategy,hybrid,casino-532#2,strategy-small-talk,1,strategy-small-talk,0.4,0.4
strategy,hybrid,casino-532#3,strategy-small-talk,2,strategy-no-need,0.4,0.302827
strategy,hybrid,casino-532#8,strategy-non-strategic,,casino-casino-1015,0.717454,
strategy,hybrid,casino-532#10,strategy-non-strategic,,casino-casino-1002,0.612468,
strategy,hybrid,casino-532#12,strategy-small-talk,1,strategy-small-talk,0.4,0.4
strategy,hybrid,casino-534#4,strategy-non-strategic,,casino-casino-261,0.697196,
strategy,hybrid,casino-534#6,strategy-non-strategic,,casino-casino-0,0.6,
strategy,hybrid,casino-534#8,strategy-small-talk,1,strategy-small-talk,0.4,0.4
strategy,hybrid,casino-534#9,strategy-small-talk,,casino-casino-669,0.4,
strategy,hybrid,casino-540#2,strategy-self-need,,casino-casino-10,0.6,
strategy,hybrid,casino-540#6,strategy-small-talk,,casino-casino-10,0.6,
strategy,hybrid,casino-540#8,strategy-non-strategic,,casino-casino-142,0.6,
strategy,hybrid,casino-542#0,strategy-elicit-pref,,strategy-no-need,0.4,
strategy,hybrid,casino-542#2,strategy-showing-empathy,,casino-casino-1,0.6,
strategy,hybrid,casino-542#6,strategy-elicit-pref,,casino-casino-41,0.6,
strategy,hybrid,casino-542#8,strategy-non-strategic,,casino-casino-0,0.6,
strategy,hybrid,casino-542#9,strategy-small-talk,,casino-casino-261,0.628169,
strategy,hybrid,casino-558#3,strategy-non-strategic,,casino-casino-55,0.656407,
strategy,hybrid,casino-558#5,strategy-other-need,,casino-casino-114,0.694175,
strategy,hybrid,casino-558#8,strategy-non-strategic,,casino-casino-111,0.6,
strategy,hybrid,casino-574#0,strategy-non-strategic,2,strategy-small-talk,0.4,0.176191
strategy,hybrid,casino-574#2,strategy-small-talk,2,strategy-self-need,0.4,0.300127
strategy,hybrid,casino-574#4,strategy-small-talk,,casino-casino-310,0.4,
strategy,hybrid,casino-574#5,strategy-small-talk,2,casino-casino-802,0.4,0.381874
strategy,hybrid,casino-574#7,strategy-small-talk,1,strategy-small-talk,0.4,0.4
strategy,hybrid,casino-574#10,strategy-promote-coordination,1,strategy-promote-coordination,0.4,0.4
strategy,hybrid,casino-58#1,strategy-non-strategic,,casino-casino-0,0.6,
strategy,hybrid,casino-58#3,strategy-vouch-fair,,casino-casino-429,0.6,
strategy,hybrid,casino-58#5,strategy-non-strategic,,casino-casino-1002,0.699976,
strategy,hybrid,casino-58#7,strategy-vouch-fair,,casino-casino-1015,0.698256,
strategy,hybrid,casino-58#8,strategy-uv-part,,casino-casino-0,0.6,
strategy,hybrid,casino-589#0,strategy-small-talk,1,strategy-small-talk,0.4,0.4
strategy,hybrid,casino-589#4,strategy-self-need,,casino-casino-119,0.612769,
strategy,hybrid,casino-589#6,strategy-promote-coordination,,casino-casino-0,0.6,
strategy,hybrid,casino-589#8,strategy-small-talk,,casino-casino-0,0.6,
strategy,hybrid,casino-589#10,strategy-small-talk,5,strategy-promote-coordination,0.4,0.093472
strategy,hybrid,casino-6#1,strategy-small-talk,1,strategy-small-talk,0.4,0.4
strategy,hybrid,casino-6#2,strategy-elicit-pref,,casino-casino-1,0.6,
strategy,hybrid,casino-6#4,strategy-non-strategic,,strategy-no-need,0.4,
strategy,hybrid,casino-6#7,strategy-elicit-pref,,casino-casino-41,0.6,
strategy,hybrid,casino-6#9,strategy-non-strategic,,casino-casino-261,0.61739,
strategy,hybrid,casino-602#1,strategy-small-talk,1,strategy-small-talk,0.4,0.4
strategy,hybrid,casino-602#4,strategy-elicit-pref,,casino-casino-453,0.4,
strategy,hybrid,casino-602#10,strategy-self-need,,casino-casino-104,0.6,
strategy,hybrid,casino-603#0,strategy-small-talk,,casino-casino-310,0.4,
strategy,hybrid,casino-603#2,strategy-small-talk,1,strategy-small-talk,0.4,0.4
strategy,hybrid,casino-603#4,strategy-small-talk,,casino-casino-204,0.761611,
strategy,hybrid,casino-603#6,strategy-small-talk,1,strategy-small-talk,0.4,0.4
strategy,hybrid,casino-603#8,strategy-small-talk,,casino-casino-1002,0.663308,
strategy,hybrid,casino-603#15,strategy-small-talk,1,strategy-small-talk,0.4,0.4
strategy,hybrid,casino-61#0,strategy-small-talk,1,strategy-small-talk,0.4,0.4
strategy,hybrid,casino-61#1,strategy-small-talk,1,strategy-small-talk,0.4,0.4
strategy,hybrid,casino-61#4,strategy-self-need,1,strategy-self-need,0.4,0.4
strategy,hybrid,casino-61#7,strategy-non-strategic,,casino-casino-83,0.4,
strategy,hybrid,casino-61#9,strategy-non-strategic,,casino-casino-1,0.6,
strategy,hybrid,casino-61#12,strategy-self-need,,casino-casino-10,0.6,
strategy,hybrid,casino-61#16,strategy-non-strategic,,casino-casino-0,0.6,
strategy,hybrid,casino-61#22,strategy-non-strategic,,casino-casino-8,0.4,
strategy,hybrid,casino-86#2,strategy-promote-coordination,,casino-casino-1005,0.6,
strategy,hybrid,casino-86#6,strategy-non-strategic,,casino-casino-10,0.6,
strategy,hybrid,casino-86#8,strategy-non-strategic,,casino-casino-1002,0.716793,
strategy,hybrid,casino-88#0,strategy-small-talk,1,strategy-small-talk,0.4,0.4
strategy,hybrid,casino-88#3,strategy-vouch-fair,,casino-casino-415,0.6,
strategy,hybrid,casino-88#7,strategy-non-strategic,,casino-casino-119,0.606721,
strategy,hybrid,casino-88#10,strategy-uv-part,,casino-casino-10,0.618593,
strategy,tfidf,casino-101#0,strategy-elicit-pref,,strategy-other-need,0.367732,
strategy,tfidf,casino-101#1,strategy-non-strategic,,strategy-other-need,0.221685,
strategy,tfidf,casino-101#6,strategy-self-need,,strategy-no-need,0.355723,
strategy,tfidf,casino-101#8,strategy-elicit-pref,3,strategy-no-need,0.293863,0.097023
strategy,tfidf,casino-106#0,strategy-small-talk,,strategy-other-need,0.235427,
strategy,tfidf,casino-106#3,strategy-elicit-pref,,strategy-other-need,0.292973,
strategy,tfidf,casino-106#7,strategy-non-strategic,,strategy-other-need,0.226427,
strategy,tfidf,casino-106#9,strategy-non-strategic,,strategy-elicit-pref,0.254721,
strategy,tfidf,casino-115#0,strategy-self-need,1,strategy-self-need,0.250225,0.250225
strategy,tfidf,casino-115#2,strategy-vouch-fair,2,strategy-elicit-pref,0.316598,0.182712
strategy,tfidf,casino-115#4,strategy-non-strategic,,strategy-showing-empathy,0.267908,
strategy,tfidf,casino-115#6,strategy-non-strategic,,casino-casino-195,0.306558,
strategy,tfidf,casino-115#8,strategy-elicit-pref,,strategy-non-strategic,0.170041,
strategy,tfidf,casino-133#0,strategy-non-strategic,,strategy-no-need,0.326753,
strategy,tfidf,casino-133#2,strategy-self-need,,casino-casino-191,0.599664,
strategy,tfidf,casino-133#4,strategy-showing-empathy,,strategy-no-need,0.231932,
strategy,tfidf,casino-133#7,strategy-showing-empathy,,strategy-no-need,0.400093,
strategy,tfidf,casino-133#9,strategy-no-need,2,strategy-showing-empathy,0.210055,0.183476
strategy,tfidf,casino-133#11,strategy-promote-coordination,3,strategy-no-need,0.299882,0.08043
strategy,tfidf,casino-133#13,strategy-non-strategic,,casino-casino-206,0.123357,
strategy,tfidf,casino-133#15,strategy-non-strategic,,strategy-promote-coordination,0.219392,
strategy,tfidf,casino-133#17,strategy-non-strategic,,casino-casino-195,0.521009,
strategy,tfidf,casino-133#18,strategy-non-strategic,,strategy-no-need,0.447785,
strategy,tfidf,casino-153#0,strategy-non-strategic,,casino-casino-0,0.0,
strategy,tfidf,casino-153#3,strategy-elicit-pref,,strategy-no-need,0.320519,
strategy,tfidf,casino-153#6,strategy-non-strategic,,casino-casino-195,0.521009,
strategy,tfidf,casino-153#8,strategy-non-strategic,,casino-casino-195,0.521009,
strategy,tfidf,casino-153#10,strategy-non-strategic,,strategy-elicit-pref,0.233829,
strategy,tfidf,casino-153#12,strategy-non-strategic,,casino-casino-195,0.521009,
strategy,tfidf,casino-179#0,strategy-small-talk,,strategy-other-need,0.235427,
strategy,tfidf,casino-179#2,strategy-small-talk,3,strategy-showing-empathy,0.1742,0.141867
strategy,tfidf,casino-179#8,strategy-self-need,,casino-casino-0,0.0,
strategy,tfidf,casino-179#10,strategy-non-strategic,,strategy-no-need,0.402559,
strategy,tfidf,casino-179#14,strategy-vouch-fair,,strategy-elicit-pref,0.240985,
strategy,tfidf,casino-29#1,strategy-small-talk,,strategy-other-need,0.235427,
strategy,tfidf,casino-29#7,strategy-promote-coordination,1,strategy-promote-coordination,0.247637,0.247637
strategy,tfidf,casino-29#8,strategy-non-strategic,,casino-casino-195,0.264394,
strategy,tfidf,casino-3#0,strategy-self-need,,casino-casino-206,0.223999,
strategy,tfidf,casino-3#3,strategy-promote-coordination,5,strategy-vouch-fair,0.366409,0.10689
strategy,tfidf,casino-3#5,strategy-self-need,,strategy-showing-empathy,0.184395,
strategy,tfidf,casino-3#7,strategy-small-talk,1,strategy-small-talk,0.175407,0.175407
strategy,tfidf,casino-3#9,strategy-small-talk,,casino-casino-0,0.0,
strategy,tfidf,casino-34#1,strategy-non-strategic,,casino-casino-0,0.0,
strategy,tfidf,casino-34#2,strategy-non-strategic,,strategy-other-need,0.290939,
strategy,tfidf,casino-34#4,strategy-non-strategic,,strategy-no-need,0.274874,
strategy,tfidf,casino-34#10,strategy-non-strategic,,strategy-vouch-fair,0.218676,
strategy,tfidf,casino-34#12,strategy-non-strategic,,casino-casino-0,0.0,
strategy,tfidf,casino-415#1,strategy-non-strategic,,strategy-other-need,0.233533,
strategy,tfidf,casino-415#5,strategy-non-strategic,,strategy-no-need,0.334772,
strategy,tfidf,casino-415#7,strategy-vouch-fair,,strategy-no-need,0.417423,
strategy,tfidf,casino-415#10,strategy-non-strategic,,strategy-no-need,0.363037,
strategy,tfidf,casino-415#11,strategy-non-strategic,,strategy-vouch-fair,0.292397,
strategy,tfidf,casino-424#1,strategy-small-talk,,strategy-other-need,0.235427,
strategy,tfidf,casino-424#3,strategy-elicit-pref,,strategy-self-need,0.188583,
strategy,tfidf,casino-424#5,strategy-promote-coordination,1,strategy-promote-coordination,0.288069,0.288069
strategy,tfidf,casino-424#7,strategy-non-strategic,,strategy-elicit-pref,0.251918,
strategy,tfidf,casino-424#9,strategy-non-strategic,,strategy-no-need,0.406628,
strategy,tfidf,casino-424#11,strategy-elicit-pref,,strategy-no-need,0.358722,
strategy,tfidf,casino-424#13,strategy-vouch-fair,6,strategy-elicit-pref,0.254041,0.107931
strategy,tfidf,casino-426#1,strategy-self-need,3,strategy-no-need,0.361788,0.130047
strategy,tfidf,casino-426#7,strategy-small-talk,5,strategy-other-need,0.178642,0.057605
strategy,tfidf,casino-426#10,strategy-promote-coordination,3,strategy-other-need,0.270277,0.206655
strategy,tfidf,casino-426#14,strategy-vouch-fair,,strategy-other-need,0.240317,
strategy,tfidf,casino-426#16,strategy-non-strategic,,casino-casino-0,0.0,
strategy,tfidf,casino-434#2,strategy-small-talk,,strategy-elicit-pref,0.188043,
strategy,tfidf,casino-434#3,strategy-no-need,,strategy-promote-coordination,0.277687,
strategy,tfidf,casino-434#5,strategy-non-strategic,,strategy-elicit-pref,0.167345,
strategy,tfidf,casino-434#8,strategy-non-strategic,,strategy-other-need,0.340958,
strategy,tfidf,casino-434#10,strategy-non-strategic,3,strategy-elicit-pref,0.194063,0.108427
strategy,tfidf,casino-440#3,strategy-no-need,1,strategy-no-need,0.271347,0.271347
strategy,tfidf,casino-440#5,strategy-non-strategic,,strategy-vouch-fair,0.267365,
strategy,tfidf,casino-440#7,strategy-non-strategic,,strategy-no-need,0.292942,
strategy,tfidf,casino-440#8,strategy-small-talk,2,strategy-self-need,0.186401,0.169759
strategy,tfidf,casino-447#0,strategy-elicit-pref,4,strategy-self-need,0.233662,0.074901
strategy,tfidf,casino-447#2,strategy-elicit-pref,,strategy-no-need,0.312216,
strategy,tfidf,casino-447#5,strategy-non-strategic,,strategy-no-need,0.312001,
strategy,tfidf,casino-447#7,strategy-non-strategic,,casino-casino-206,0.197612,
strategy,tfidf,casino-447#9,strategy-vouch-fair,3,strategy-no-need,0.277907,0.153845
strategy,tfidf,casino-447#11,strategy-small-talk,,strategy-other-need,0.266487,
strategy,tfidf,casino-447#12,strategy-small-talk,,strategy-promote-coordination,0.204954,
strategy,tfidf,casino-454#1,strategy-elicit-pref,2,strategy-self-need,0.158196,0.138769
strategy,tfidf,casino-454#4,strategy-non-strategic,,strategy-no-need,0.25497,
strategy,tfidf,casino-454#6,strategy-non-strategic,,strategy-no-need,0.392157,
strategy,tfidf,casino-454#8,strategy-non-strategic,,strategy-elicit-pref,0.254721,
strategy,tfidf,casino-468#0,strategy-non-strategic,,strategy-promote-coordination,0.22495,
strategy,tfidf,casino-468#2,strategy-other-need,2,strategy-no-need,0.272806,0.185632
strategy,tfidf,casino-468#4,strategy-showing-empathy,,strategy-no-need,0.390398,
strategy,tfidf,casino-468#6,strategy-vouch-fair,,strategy-showing-empathy,0.152173,
strategy,tfidf,casino-468#8,strategy-non-strategic,,strategy-other-need,0.292305,
strategy,tfidf,casino-468#10,strategy-non-strategic,,strategy-other-need,0.235427,
strategy,tfidf,casino-469#0,strategy-promote-coordination,1,strategy-promote-coordination,0.231341,0.231341
strategy,tfidf,casino-469#2,strategy-non-strategic,,strategy-no-need,0.420789,
strategy,tfidf,casino-469#4,strategy-elicit-pref,,strategy-no-need,0.238891,
strategy,tfidf,casino-469#5,strategy-self-need,,strategy-no-need,0.240317,
strategy,tfidf,casino-469#7,strategy-non-strategic,,strategy-other-need,0.266487,
strategy,tfidf,casino-469#9,strategy-non-strategic,,strategy-no-need,0.301838,
strategy,tfidf,casino-473#0,strategy-promote-coordination,,strategy-no-need,0.244773,
strategy,tfidf,casino-473#2,strategy-other-need,,strategy-self-need,0.176842,
strategy,tfidf,casino-473#4,strategy-promote-coordination,,strategy-no-need,0.338132,
strategy,tfidf,casino-473#6,strategy-non-strategic,,strategy-no-need,0.300085,
strategy,tfidf,casino-473#9,strategy-promote-coordination,,strategy-vouch-fair,0.378197,
strategy,tfidf,casino-473#10,strategy-non-strategic,,casino-casino-0,0.0,
strategy,tfidf,casino-49#2,strategy-non-strategic,,strategy-no-need,0.247543,
strategy,tfidf,casino-49#4,strategy-self-need,6,strategy-no-need,0.385507,0.094894
strategy,tfidf,casino-49#7,strategy-small-talk,8,strategy-other-need,0.310022,0.126963
strategy,tfidf,casino-49#9,strategy-non-strategic,,strategy-no-need,0.339859,
strategy,tfidf,casino-49#11,strategy-non-strategic,,strategy-elicit-pref,0.254721,
strategy,tfidf,casino-49#13,strategy-small-talk,,strategy-no-need,0.388679,
strategy,tfidf,casino-50#0,strategy-non-strategic,,strategy-elicit-pref,0.237914,
strategy,tfidf,casino-50#2,strategy-promote-coordination,5,strategy-no-need,0.279668,0.082958
strategy,tfidf,casino-50#4,strategy-non-strategic,2,strategy-no-need,0.239706,0.145977
strategy,tfidf,casino-50#6,strategy-non-strategic,1,strategy-non-strategic,0.166838,0.166838
strategy,tfidf,casino-50#8,strategy-non-strategic,,strategy-other-need,0.225839,
strategy,tfidf,casino-501#0,strategy-small-talk,,strategy-other-need,0.235427,
strategy,tfidf,casino-501#2,strategy-small-talk,1,strategy-small-talk,0.345141,0.345141
strategy,tfidf,casino-501#3,strategy-elicit-pref,2,strategy-no-need,0.190709,0.18433
strategy,tfidf,casino-501#5,strategy-non-strategic,,strategy-no-need,0.262814,
strategy,tfidf,casino-501#7,strategy-elicit-pref,3,strategy-no-need,0.260893,0.131493
strategy,tfidf,casino-51#0,strategy-small-talk,,strategy-other-need,0.235427,
strategy,tfidf,casino-51#2,strategy-small-talk,8,strategy-other-need,0.336212,0.083601
strategy,tfidf,casino-51#4,strategy-small-talk,,strategy-elicit-pref,0.254721,
strategy,tfidf,casino-51#7,strategy-no-need,9,strategy-self-need,0.248419,0.114127
strategy,tfidf,casino-51#10,strategy-showing-empathy,,strategy-other-need,0.2343,
strategy,tfidf,casino-513#3,strategy-non-strategic,,strategy-no-need,0.375874,
strategy,tfidf,casino-513#7,strategy-vouch-fair,,strategy-no-need,0.329202,
strategy,tfidf,casino-513#9,strategy-non-strategic,,strategy-no-need,0.460487,
strategy,tfidf,casino-519#1,strategy-elicit-pref,2,strategy-no-need,0.293567,0.147825
strategy,tfidf,casino-519#5,strategy-small-talk,,casino-casino-44,0.226078,
strategy,tfidf,casino-519#8,strategy-non-strategic,,strategy-no-need,0.273317,
strategy,tfidf,casino-519#9,strategy-vouch-fair,,strategy-elicit-pref,0.238931,
strategy,tfidf,casino-52#1,strategy-small-talk,2,strategy-elicit-pref,0.240485,0.227748
strategy,tfidf,casino-52#3,strategy-small-talk,3,strategy-vouch-fair,0.210914,0.185956
strategy,tfidf,casino-52#6,strategy-self-need,6,strategy-other-need,0.219868,0.078094
strategy,tfidf,casino-52#8,strategy-self-need,5,strategy-other-need,0.273878,0.136192
strategy,tfidf,casino-532#0,strategy-small-talk,8,strategy-other-need,0.295836,0.076841
strategy,tfidf,casino-532#2,strategy-small-talk,,casino-casino-0,0.0,
strategy,tfidf,casino-532#3,strategy-small-talk,,strategy-other-need,0.235427,
strategy,tfidf,casino-532#8,strategy-non-strategic,,strategy-other-need,0.225839,
strategy,tfidf,casino-532#10,strategy-non-strategic,,strategy-elicit-pref,0.258844,
strategy,tfidf,casino-532#12,strategy-small-talk,2,strategy-self-need,0.187298,0.170576
strategy,tfidf,casino-534#4,strategy-non-strategic,,strategy-elicit-pref,0.261306,
strategy,tfidf,casino-534#6,strategy-non-strategic,,strategy-no-need,0.380745,
strategy,tfidf,casino-534#8,strategy-small-talk,5,strategy-other-need,0.190302,0.092048
strategy,tfidf,casino-534#9,strategy-small-talk,,strategy-no-need,0.23891,
strategy,tfidf,casino-540#2,strategy-self-need,,strategy-no-need,0.31294,
strategy,tfidf,casino-540#6,strategy-small-talk,9,strategy-vouch-fair,0.348643,0.085092
strategy,tfidf,casino-540#8,strategy-non-strategic,,strategy-elicit-pref,0.187824,
strategy,tfidf,casino-542#0,strategy-elicit-pref,6,strategy-no-need,0.291673,0.104011
strategy,tfidf,casino-542#2,strategy-showing-empathy,,strategy-elicit-pref,0.257612,
strategy,tfidf,casino-542#6,strategy-elicit-pref,,strategy-no-need,0.287293,
strategy,tfidf,casino-542#8,strategy-non-strategic,,strategy-no-need,0.262146,
strategy,tfidf,casino-542#9,strategy-small-talk,4,strategy-non-strategic,0.169318,0.125206
strategy,tfidf,casino-558#3,strategy-non-strategic,,casino-casino-44,0.229625,
strategy,tfidf,casino-558#5,strategy-other-need,,strategy-self-need,0.211378,
strategy,tfidf,casino-558#8,strategy-non-strategic,,strategy-elicit-pref,0.201379,
strategy,tfidf,casino-574#0,strategy-non-strategic,,casino-casino-0,0.0,
strategy,tfidf,casino-574#2,strategy-small-talk,,casino-casino-195,0.122153,
strategy,tfidf,casino-574#4,strategy-small-talk,,strategy-other-need,0.235427,
strategy,tfidf,casino-574#5,strategy-small-talk,,strategy-other-need,0.296767,
strategy,tfidf,casino-574#7,strategy-small-talk,7,strategy-self-need,0.277179,0.147649
strategy,tfidf,casino-574#10,strategy-promote-coordination,,strategy-no-need,0.34545,
strategy,tfidf,casino-58#1,strategy-non-strategic,,strategy-promote-coordination,0.238973,
strategy,tfidf,casino-58#3,strategy-vouch-fair,,strategy-elicit-pref,0.238931,
strategy,tfidf,casino-58#5,strategy-non-strategic,,strategy-elicit-pref,0.250131,
strategy,tfidf,casino-58#7,strategy-vouch-fair,,strategy-non-strategic,0.28141,
strategy,tfidf,casino-58#8,strategy-uv-part,9,strategy-self-need,0.338632,0.057597
strategy,tfidf,casino-589#0,strategy-small-talk,,strategy-other-need,0.235427,
strategy,tfidf,casino-589#4,strategy-self-need,3,strategy-no-need,0.424719,0.093553
strategy,tfidf,casino-589#6,strategy-promote-coordination,3,strategy-other-need,0.309947,0.206467
strategy,tfidf,casino-589#8,strategy-small-talk,,strategy-no-need,0.435693,
strategy,tfidf,casino-589#10,strategy-small-talk,,strategy-other-need,0.232919,
strategy,tfidf,casino-6#1,strategy-small-talk,4,strategy-elicit-pref,0.170048,0.161042
strategy,tfidf,casino-6#2,strategy-elicit-pref,,strategy-no-need,0.344277,
strategy,tfidf,casino-6#4,strategy-non-strategic,,strategy-no-need,0.259948,
strategy,tfidf,casino-6#7,strategy-elicit-pref,1,strategy-elicit-pref,0.282388,0.282388
strategy,tfidf,casino-6#9,strategy-non-strategic,1,strategy-non-strategic,0.218691,0.218691
strategy,tfidf,casino-602#1,strategy-small-talk,8,strategy-vouch-fair,0.293764,0.073343
strategy,tfidf,casino-602#4,strategy-elicit-pref,,strategy-other-need,0.232548,
strategy,tfidf,casino-602#10,strategy-self-need,8,strategy-no-need,0.275078,0.082806
strategy,tfidf,casino-603#0,strategy-small-talk,4,strategy-other-need,0.228564,0.124032
strategy,tfidf,casino-603#2,strategy-small-talk,6,strategy-promote-coordination,0.317045,0.155407
strategy,tfidf,casino-603#4,strategy-small-talk,8,strategy-no-need,0.294395,0.067575
strategy,tfidf,casino-603#6,strategy-small-talk,4,strategy-no-need,0.203793,0.137812
strategy,tfidf,casino-603#8,strategy-small-talk,6,strategy-no-need,0.297434,0.09236
strategy,tfidf,casino-603#15,strategy-small-talk,6,strategy-other-need,0.215815,0.132416
strategy,tfidf,casino-61#0,strategy-small-talk,2,strategy-self-need,0.187298,0.170576
strategy,tfidf,casino-61#1,strategy-small-talk,1,strategy-small-talk,0.278494,0.278494
strategy,tfidf,casino-61#4,strategy-self-need,,strategy-vouch-fair,0.255576,
strategy,tfidf,casino-61#7,strategy-non-strategic,,casino-casino-0,0.0,
strategy,tfidf,casino-61#9,strategy-non-strategic,,strategy-no-need,0.247847,
strategy,tfidf,casino-61#12,strategy-self-need,,strategy-non-strategic,0.191039,
strategy,tfidf,casino-61#16,strategy-non-strategic,,strategy-other-need,0.23291,
strategy,tfidf,casino-61#22,strategy-non-strategic,,casino-casino-0,0.0,
strategy,tfidf,casino-86#2,strategy-promote-coordination,,strategy-no-need,0.218061,
strategy,tfidf,casino-86#6,strategy-non-strategic,,strategy-no-need,0.423333,
strategy,tfidf,casino-86#8,strategy-non-strategic,,strategy-elicit-pref,0.226518,
strategy,tfidf,casino-88#0,strategy-small-talk,1,strategy-small-talk,0.175407,0.175407
strategy,tfidf,casino-88#3,strategy-vouch-fair,,strategy-elicit-pref,0.208972,
strategy,tfidf,casino-88#7,strategy-non-strategic,,strategy-no-need,0.192614,
strategy,tfidf,casino-88#10,strategy-uv-part,,strategy-self-need,0.257122,
